tradeItemId;globalTradeNumber;descriptionShort;descriptionOfTradeItem;netContent;netContentUOM;tradeItemPrice;tradeItemPriceCurrency;tradeItemPriceUOM;iconId;productCategoryId
6159;;Agar Agar;Kurzbeschreibung;100;g;1.49;€;2.98;;105340
6158;;Agavensirup;Kurzbeschreibung;200;g;0.69;€;0.69;;105370
6160;;Älplermagronen, zubereitet;Kurzbeschreibung;375;ml;0.69;€;0.46;;14800
12914;;Amaretti (Mandelgebäck);Kurzbeschreibung;120;g;5.99;€;4.99;;8690
6161;;Ananas, gezuckert (Konserve);Kurzbeschreibung;100;g;0.99;€;0.99;;6180
10730;;Ananas, roh;Kurzbeschreibung;250;ml;0.69;€;0.99;;3780
1397;;Ananas, ungezuckert (Konserve);Kurzbeschreibung;100;g;1.49;€;0.75;;6180
5108;;Apfel, gedünstet, abgetropft (ohne Zugabe von Zucker);Kurzbeschreibung;200;g;0.69;€;1.38;;6180
6162;;Apfel, geschält, getrocknet;Kurzbeschreibung;375;g;0.79;€;0.79;;4360
6163;;Apfel, roh;Kurzbeschreibung;120;g;0.69;€;0.69;;3780
6164;;Apfelkuchen, gebacken (mit Blätterteig);Kurzbeschreibung;100;g;1.29;€;1.77;;14810
1251;;Apfelkuchen, gebacken (mit Kuchenteig);Kurzbeschreibung;250;ml;0.69;€;0.69;;14810
1252;;Apfelmus, gezuckert (Konserve);Kurzbeschreibung;100;ml;0.69;€;1.38;;6180
6165;;Apfelmus, ungezuckert (Konserve);Kurzbeschreibung;200;g;0.79;€;0.27;;6180
1813;;Apfelsaft;Kurzbeschreibung;375;g;0.89;€;0.89;;5700
6166;;Apfelwein, 4 vol%;Kurzbeschreibung;120;ml;0.69;€;0.69;;5130
75;;Apfelwein, 6.2 vol%;Kurzbeschreibung;100;g;2.49;€;1.25;;5130
78;;Appenzeller, viertelfett;Kurzbeschreibung;250;ml;1.99;€;1.66;;5550
6167;;Appenzeller, vollfett;Kurzbeschreibung;100;g;1.98;€;3.96;;5550
6168;;Aprikose, gedünstet, abgetropft (ohne Zugabe von Zucker);Kurzbeschreibung;200;ml;3.49;€;5.24;;6180
6169;;Aprikose, getrocknet;Kurzbeschreibung;375;ml;3.49;€;0.7;;4360
6170;;Aprikose, gezuckert (Konserve);Kurzbeschreibung;120;ml;2.49;€;1.25;;6180
6171;;Aprikose, roh;Kurzbeschreibung;100;g;0.98;€;0.98;;3780
6172;;Aprikose, ungezuckert (Konserve);Kurzbeschreibung;250;g;0.98;€;0.98;;6180
6173;;Aprikosenkuchen, gebacken (mit Blätterteig);Kurzbeschreibung;100;g;0.98;€;0.49;;14810
6174;;Aprikosenkuchen, gebacken (mit Kuchenteig);Kurzbeschreibung;200;g;7.99;€;6.66;;14810
6175;;Aubergine, gedünstet (ohne Zugabe von Fett und Salz);Kurzbeschreibung;375;g;1.39;€;2.78;;10040
6176;;Aubergine, roh;Kurzbeschreibung;120;ml;1.49;€;2.24;;3500
6177;;Auberginen-Piccata, zubereitet;Kurzbeschreibung;100;g;0.77;€;0.15;;14800
6178;;Auberginenscheiben, paniert, zubereitet;Kurzbeschreibung;250;g;0.39;€;0.2;;14800
6056;;Aufschnitt (Durchschnitt);Kurzbeschreibung;100;g;1.1;€;1.1;;103540
6057;;Avocado, roh;Kurzbeschreibung;200;g;1.49;€;1.49;;3810
5109;;Bäckerhefe, gepresst;Kurzbeschreibung;375;g;0.69;€;0.35;;7650
5110;;Bami Goreng, zubereitet;Kurzbeschreibung;120;g;0.69;€;0.58;;15780
5111;;Banane, gedörrt;Kurzbeschreibung;100;g;5.99;€;11.98;;4360
6058;;Banane, getrocknet;Kurzbeschreibung;250;g;0.99;€;1.49;;4360
12505;;Banane, roh;Kurzbeschreibung;100;g;0.69;€;0.14;;3780
2115;;Basilikum, roh;Kurzbeschreibung;200;g;1.49;€;0.75;;4650
1814;;Basler Leckerli;Kurzbeschreibung;375;g;0.69;€;0.69;;8690
6059;;Bauernbratwurst, gebraten (ohne Zusatz von Fett un Salz);Kurzbeschreibung;120;g;0.79;€;0.79;;133450
6060;;Bauernbratwurst, roh;Kurzbeschreibung;100;g;0.69;€;0.35;;133450
6179;;Bauernbrot;Kurzbeschreibung;250;g;1.29;€;1.08;;12690
6181;;Bauernsalami;Kurzbeschreibung;100;ml;0.69;€;1.38;;133450
6182;;Bauernschüblig;Kurzbeschreibung;200;g;0.69;€;1.04;;133450
6180;;Baumnuss;Kurzbeschreibung;375;g;0.79;€;0.16;;2710
6183;;Baumnussbrot;Kurzbeschreibung;120;ml;0.89;€;0.45;;12690
6184;;Béchamelsauce hausgemacht;Kurzbeschreibung;100;g;0.69;€;0.69;;129820
5112;;Beeren (Durchschnitt), gekocht (ohne Zugabe von Zucker);Kurzbeschreibung;250;g;2.49;€;2.49;;6180
6185;;Beeren (Durchschnitt), roh;Kurzbeschreibung;100;ml;1.99;€;1;;3780
6186;;Berliner;Kurzbeschreibung;200;g;1.98;€;1.65;;8520
6187;;Berner Alpkäse;Kurzbeschreibung;375;g;3.49;€;6.98;;5550
6188;;Berner Hobelkäse;Kurzbeschreibung;120;g;3.49;€;5.24;;5550
6189;;Berner Zungenwurst;Kurzbeschreibung;100;g;2.49;€;0.5;;103540
6190;;Biber;Kurzbeschreibung;250;g;0.98;€;0.49;;8520
6191;;Bier Panache (Durchschnitt);Kurzbeschreibung;100;ml;0.98;€;0.98;;11840
6192;;Bierhefe, getrocknet;Kurzbeschreibung;200;g;0.98;€;0.98;;8410
6193;;Bierwurst;Kurzbeschreibung;375;g;7.99;€;4;;103540
6194;;Birchermüesli, zubereitet (ungezuckert);Kurzbeschreibung;120;g;1.39;€;1.16;;11990
6195;;Birne, gedünstet, abgetropft (ohne Zugabe von Zucker);Kurzbeschreibung;100;g;1.49;€;2.98;;6180
6196;;Birne, getrocknet;Kurzbeschreibung;250;g;0.77;€;1.16;;4360
6197;;Birne, gezuckert (Konserve);Kurzbeschreibung;100;g;0.39;€;0.08;;6180
6198;;Birne, roh;Kurzbeschreibung;200;g;1.1;€;0.55;;3780
6199;;Birne, ungezuckert (Konserve);Kurzbeschreibung;375;g;1.49;€;1.49;;6180
6201;;Birnenkuchen, gebacken (mit Blätterteig);Kurzbeschreibung;120;g;0.69;€;0.69;;14810
6200;;Birnenkuchen, gebacken (mit Kuchenteig);Kurzbeschreibung;100;g;0.69;€;0.35;;14810
6202;;Birnensaft;Kurzbeschreibung;250;g;5.99;€;4.99;;5700
6203;;Birnenweggen;Kurzbeschreibung;100;ml;0.99;€;1.98;;8520
6204;;Blanc battu;Kurzbeschreibung;200;g;0.69;€;1.04;;5800
6205;;Blanc battu mit Früchten light;Kurzbeschreibung;375;g;1.49;€;0.3;;5800
6206;;Blätterteig hausgemacht (Butter), ungebacken;Kurzbeschreibung;120;g;0.69;€;0.35;;9050
6207;;Blätterteig hausgemacht (mit pflanzlichem Fett), ungebacken;Kurzbeschreibung;100;g;0.79;€;1.58;;9050
6208;;Blätterteigpastetli, Butter;Kurzbeschreibung;250;g;0.69;€;1.04;;8500
6209;;Blätterteigstängel;Kurzbeschreibung;100;g;1.29;€;0.26;;9290
5113;;Blattgemüse (Durchschnitt exkl. Salate), gedämpft (ohne Zugabe von Salz);Kurzbeschreibung;200;g;0.69;€;0.35;;10040
5114;;Blattgemüse (Durchschnitt exkl. Salate), gedünstet (ohne Zugabe von Salz und Fett);Kurzbeschreibung;375;g;0.69;€;0.69;;10040
6210;;Blattgemüse (Durchschnitt exkl. Salate), gekocht (ohne Zugabe von Salz und Fett);Kurzbeschreibung;120;ml;0.79;€;0.79;;10040
6211;;Blattsalat (Durchschnitt), roh;Kurzbeschreibung;100;g;0.89;€;0.45;;3500
6212;;Blauschimmelkäse (Durchschnitt);Kurzbeschreibung;250;g;0.69;€;0.58;;5550
81;;Blumenkohl, gedämpft (ohne Zugabe von Salz);Kurzbeschreibung;100;g;2.49;€;4.98;;10040
6213;;Blumenkohl, roh;Kurzbeschreibung;200;g;1.99;€;2.99;;3500
6214;;Blutwurst;Kurzbeschreibung;375;ml;1.98;€;0.4;;7790
6215;;Bohne (alle Arten), gekocht (ohne Zugabe von Fett und Salz);Kurzbeschreibung;120;g;3.49;€;1.75;;133890
6216;;Bohne (alle Arten), getrocknet;Kurzbeschreibung;100;ml;3.49;€;3.49;;133890
6217;;Bohne, grün, gedämpft (ohne Zugabe von Salz);Kurzbeschreibung;250;ml;2.49;€;2.49;;10040
6218;;Bohne, grün, getrocknet;Kurzbeschreibung;100;g;0.98;€;0.49;;4740
6219;;Bohne, grün, roh;Kurzbeschreibung;200;ml;0.98;€;0.82;;3500
6220;;Bolognaisesauce;Kurzbeschreibung;375;g;0.98;€;1.96;;129820
6221;;Bouillon, Fleisch, zubereitet;Kurzbeschreibung;120;ml;7.99;€;11.99;;6690
6222;;Bouillon, Geflügel, zubereitet;Kurzbeschreibung;100;g;1.39;€;0.28;;6690
6223;;Bouillon, Gemüse, zubereitet;Kurzbeschreibung;250;g;1.49;€;0.75;;6690
6224;;Branchli (Milchschokolade mit Haselnusscrèmefüllung);Kurzbeschreibung;100;g;0.77;€;0.77;;6430
6225;;Branntwein aus Getreide (z.B. Whisky);Kurzbeschreibung;200;g;0.39;€;0.39;;5190
6226;;Branntwein aus Wein (z.B.Cognac);Kurzbeschreibung;375;g;1.1;€;0.55;;5190
6227;;Branntwein aus Zuckerrohr (z.B. Rum);Kurzbeschreibung;120;g;1.49;€;1.24;;5190
6228;;Bratbutter;Kurzbeschreibung;100;g;0.69;€;1.38;;520
6229;;Bratensauce, gebunden;Kurzbeschreibung;250;g;0.69;€;1.04;;129820
1210;;Bratensauce, klar;Kurzbeschreibung;100;g;5.99;€;1.2;;129820
1221;;Bresaola;Kurzbeschreibung;200;g;0.99;€;0.5;;133450
1222;;Brie, halbfett;Kurzbeschreibung;375;g;0.69;€;0.69;;100520
1225;;Brie, Rahm;Kurzbeschreibung;120;g;1.49;€;1.49;;100520
6230;;Brie, vollfett;Kurzbeschreibung;100;g;0.69;€;0.35;;100520
6231;;Broccoli, gedämpft (ohne Zugabe von Salz);Kurzbeschreibung;250;g;0.79;€;0.66;;10040
6232;;Broccoli, roh;Kurzbeschreibung;100;g;0.69;€;1.38;;3500
5115;;Brombeere, roh;Kurzbeschreibung;200;g;1.29;€;1.94;;3780
5116;;Brombeerkuchen, gebacken (mit Blätterteig);Kurzbeschreibung;375;g;0.69;€;0.14;;14810
6233;;Brombeerkuchen, gebacken (mit Kuchenteig);Kurzbeschreibung;120;g;0.69;€;0.35;;14810
6235;;Brombeerkuchen, gebacken (mit süssem Mürbeteig);Kurzbeschreibung;100;g;0.79;€;1.58;;14810
6234;;Brot (Durchschnitt);Kurzbeschreibung;250;g;0.89;€;1.34;;12690
6236;;Brühwürste geräuchert (Durchschnitt);Kurzbeschreibung;100;g;0.69;€;0.14;;103540
6237;;Brühwürste ungeräuchert (Durchschnitt);Kurzbeschreibung;200;g;2.49;€;1.25;;103540
1253;;Brunnenkresse, roh;Kurzbeschreibung;375;ml;1.99;€;1.99;;3500
6238;;Brunsli;Kurzbeschreibung;120;g;1.98;€;1.98;;8690
6239;;Buchweizen, Korn geschält;Kurzbeschreibung;100;g;3.49;€;1.75;;8500
13130;;Buchweizenmehl;Kurzbeschreibung;250;g;3.49;€;2.91;;4210
6241;;Bündner Gerstensuppe;Kurzbeschreibung;100;g;2.49;€;4.98;;6690
6240;;Bürli (halbweiss);Kurzbeschreibung;200;ml;0.98;€;1.47;;12690
10731;;Buttergipfeli, hell;Kurzbeschreibung;375;ml;0.98;€;0.2;;12690
6242;;Buttergipfeli, Vollkorn;Kurzbeschreibung;120;g;0.98;€;0.49;;12690
1742;;Buttermilch;Kurzbeschreibung;100;g;7.99;€;7.99;;5300
5117;;Butterweggli;Kurzbeschreibung;250;g;1.39;€;1.39;;12690
6243;;Butterzopf;Kurzbeschreibung;100;g;1.49;€;0.75;;12690
6244;;Butterzopf, Vollkorn;Kurzbeschreibung;200;g;0.77;€;0.64;;12690
6245;;Café crème, ungezuckert;Kurzbeschreibung;375;g;0.39;€;0.78;;11890
6246;;Cake Financier;Kurzbeschreibung;120;g;1.1;€;1.65;;8780
6247;;Calimocho (Rotwein mit Cola);Kurzbeschreibung;100;g;1.49;€;0.3;;104880
6248;;Camembert, halbfett;Kurzbeschreibung;250;g;0.69;€;0.35;;100520
6249;;Camembert, Rahm;Kurzbeschreibung;100;g;0.69;€;0.69;;100520
6250;;Camembert, vollfett;Kurzbeschreibung;200;ml;5.99;€;5.99;;100520
6251;;Cannelloni mit Fleischfüllung, zubereitet;Kurzbeschreibung;375;g;0.99;€;0.5;;16450
6252;;Cannelloni mit Spinat-Ricotta-Füllung, zubereitet;Kurzbeschreibung;120;g;0.69;€;0.58;;16450
6253;;Cappuccino (ohne Schokoladenpulver), ungezuckert;Kurzbeschreibung;100;g;1.49;€;2.98;;11890
6254;;Capuns, zubereitet;Kurzbeschreibung;250;g;0.69;€;1.04;;14800
6255;;Cashewnuss;Kurzbeschreibung;100;ml;0.79;€;0.16;;2710
6256;;Cervelat;Kurzbeschreibung;200;ml;0.69;€;0.35;;103540
6257;;Champignon (Konserve);Kurzbeschreibung;375;g;1.29;€;1.29;;6300
139;;Champignon, gedünstet (ohne Zugabe von Fett und Salz);Kurzbeschreibung;120;g;0.69;€;0.69;;6300
6258;;Champignon, roh;Kurzbeschreibung;100;ml;0.69;€;0.35;;6300
6259;;Chicorée, gedämpft (ohne Zugabe von Salz);Kurzbeschreibung;250;ml;0.79;€;0.66;;10040
6260;;Chicorée, roh;Kurzbeschreibung;100;g;0.89;€;1.78;;3500
6261;;Chili con carne, zubereitet;Kurzbeschreibung;200;g;0.69;€;1.04;;6690
6262;;Chinakohl, gedünstet (ohne Zugabe von Fett und Salz);Kurzbeschreibung;375;g;2.49;€;0.5;;10040
6263;;Chinakohl, roh;Kurzbeschreibung;120;g;1.99;€;1;;3500
6264;;Chräbeli (Anisgebäck);Kurzbeschreibung;100;g;1.98;€;3.96;;8690
6265;;Cicorino rot, roh;Kurzbeschreibung;250;g;3.49;€;5.24;;3500
6266;;Cocktailsauce, selbst zubereitet mit Rapsöl-Mayonnaise;Kurzbeschreibung;100;g;3.49;€;0.7;;129820
6267;;Colagetränk, gezuckert;Kurzbeschreibung;200;g;2.49;€;1.25;;4990
6268;;Colagetränk, mit Süssstoffen;Kurzbeschreibung;375;g;0.98;€;0.98;;5000
6269;;Coleslaw Salat, zubereitet;Kurzbeschreibung;120;g;0.98;€;0.98;;15740
6270;;Coppa;Kurzbeschreibung;100;g;0.98;€;0.49;;133450
6271;;Cordon Bleu aus Kalbsplätzli, gebraten;Kurzbeschreibung;250;g;7.99;€;6.66;;16500
6272;;Cordon Bleu aus Schweinsplätzli, gebraten;Kurzbeschreibung;100;g;1.39;€;2.78;;16510
6273;;Cornflakes;Kurzbeschreibung;200;g;1.49;€;2.24;;9410
6274;;Cotechino;Kurzbeschreibung;375;g;0.77;€;0.15;;7790
6275;;Cotto (Fleischerzeugnis);Kurzbeschreibung;120;g;0.39;€;0.2;;7790
6276;;Cracker, Salzgebäck, Apérogebäck;Kurzbeschreibung;100;g;1.1;€;1.1;;9510
6277;;Crèmeschnitte;Kurzbeschreibung;250;g;1.1;€;1.1;;8520
6278;;Crêpes mit Camembert, zubereitet;Kurzbeschreibung;100;g;1.49;€;0.75;;14800
6279;;Crêpes mit Champignonfüllung, zubereitet;Kurzbeschreibung;200;g;0.69;€;0.58;;14800
6280;;Crêpes mit Gemüsefüllung, zubereitet;Kurzbeschreibung;375;g;0.69;€;1.38;;14800
6281;;Crêpes mit Nutella, zubereitet;Kurzbeschreibung;120;g;5.99;€;8.99;;14950
6282;;Crêpes mit Schinken, zubereitet;Kurzbeschreibung;100;g;0.99;€;0.2;;14800
6283;;Crêpes mit Speck, zubereitet;Kurzbeschreibung;250;g;0.69;€;0.35;;14800
6284;;Crêpes mit Zimt und Zucker, zubereitet;Kurzbeschreibung;100;g;1.49;€;1.49;;14950
6285;;Crêpes nature, zubereitet;Kurzbeschreibung;200;g;0.69;€;0.69;;14800
6286;;Crevettencocktail, zubereitet;Kurzbeschreibung;375;ml;0.79;€;0.4;;15740
6287;;Dattel, getrocknet;Kurzbeschreibung;120;ml;0.69;€;0.58;;4360
128;;Dinkelmehl, Ruch, Typ 1100;Kurzbeschreibung;100;g;1.29;€;2.58;;4210
6288;;Dinkelmehl, Vollkorn, Typ 1900;Kurzbeschreibung;250;g;0.69;€;1.04;;4210
6289;;Dinkelmehl, weiss, Typ 550;Kurzbeschreibung;100;g;0.69;€;0.14;;4210
6290;;Distelöl;Kurzbeschreibung;200;g;0.79;€;0.4;;5900
6291;;Doppelrahm, pasteurisiert;Kurzbeschreibung;375;g;0.89;€;0.89;;520
6292;;Dorsch, Filet, gedämpft (ohne Zusatz von Fett und Salz);Kurzbeschreibung;120;g;0.69;€;0.69;;133510
6293;;Dorsch, roh;Kurzbeschreibung;100;ml;2.49;€;1.25;;133510
6294;;Dulce de Leche;Kurzbeschreibung;250;g;1.99;€;1.66;;105360
6295;;Edelkastanie, roh;Kurzbeschreibung;100;g;1.98;€;3.96;;2710
6296;;Egli, roh;Kurzbeschreibung;200;g;3.49;€;5.24;;7660
6297;;Eieromeletten mit Käse, zubereitet;Kurzbeschreibung;375;g;3.49;€;0.7;;14800
6298;;Eieromeletten mit Schinken, zubereitet;Kurzbeschreibung;120;g;2.49;€;1.25;;14800
6299;;Eieromeletten mit Speck, zubereitet;Kurzbeschreibung;100;g;0.98;€;1.96;;14800
6300;;Eieromeletten, zubereitet;Kurzbeschreibung;250;g;0.98;€;1.47;;14800
6301;;Eierschwamm, gedünstet (ohne Zugabe von Fett und Salz);Kurzbeschreibung;100;g;0.98;€;0.2;;6300
6302;;Eierschwamm, roh;Kurzbeschreibung;200;g;7.99;€;4;;6300
6303;;Eisbergsalat, roh;Kurzbeschreibung;375;g;1.39;€;1.39;;3500
6304;;Eistee, gezuckert;Kurzbeschreibung;120;g;1.49;€;1.49;;8060
6305;;Emmentaler, vollfett;Kurzbeschreibung;100;g;0.77;€;0.39;;5550
6306;;Endivie, roh;Kurzbeschreibung;250;g;0.39;€;0.33;;3500
6307;;Engadiner Nusstorte;Kurzbeschreibung;100;g;1.1;€;2.2;;8780
6308;;Erbse (Konserve);Kurzbeschreibung;200;g;1.49;€;2.24;;10040
6309;;Erbse (Konserve), aufgewärmt (ohne Zugabe von Salz);Kurzbeschreibung;375;g;0.69;€;0.14;;10040
6310;;Erbse, grün, gedämpft (ohne Zugabe von Salz);Kurzbeschreibung;120;g;0.69;€;0.35;;10040
6311;;Erbse, grün, roh;Kurzbeschreibung;100;g;5.99;€;5.99;;3500
6312;;Erbse, reif, getrocknet;Kurzbeschreibung;250;g;0.99;€;0.99;;133890
6313;;Erbse, reif, getrocknet, gekocht (ohne Zusatz von Fett und Salz);Kurzbeschreibung;100;g;0.69;€;0.35;;133890
6314;;Erbsen und Karotten (Konserve);Kurzbeschreibung;200;g;1.49;€;1.24;;10040
6315;;Erbsen und Karotten (Konserve), aufgewärmt (ohne Zugabe von Salz);Kurzbeschreibung;375;g;0.69;€;1.38;;10040
6316;;Erdbeere, roh;Kurzbeschreibung;120;g;0.79;€;1.19;;3780
6317;;Erdnuss;Kurzbeschreibung;100;g;0.69;€;0.14;;2710
6318;;Erdnuss-Flips;Kurzbeschreibung;250;g;1.29;€;0.65;;6820
6319;;Erdnuss, geröstet;Kurzbeschreibung;100;g;0.69;€;0.69;;2710
6320;;Erdnussbutter;Kurzbeschreibung;200;g;0.69;€;0.69;;105360
6321;;Erdnussöl;Kurzbeschreibung;375;g;0.79;€;0.4;;5900
6322;;Espresso crème, ungezuckert;Kurzbeschreibung;120;g;0.89;€;0.74;;11890
6323;;Essig;Kurzbeschreibung;100;ml;0.69;€;1.38;;16940
6324;;Essig-Öl-Salatsauce (mit Rapsöl);Kurzbeschreibung;250;ml;2.49;€;3.74;;12000
6325;;Feige, getrocknet;Kurzbeschreibung;100;ml;1.99;€;0.4;;4360
6326;;Feige, roh;Kurzbeschreibung;200;g;1.98;€;0.99;;3780
6327;;Felche, roh;Kurzbeschreibung;375;g;3.49;€;3.49;;7660
6328;;Fenchel, gedämpft (ohne Zugabe von Salz);Kurzbeschreibung;120;g;3.49;€;3.49;;10040
6329;;Fenchel, roh;Kurzbeschreibung;100;g;2.49;€;1.25;;3500
6330;;Fisch (Durchschnitt), Filet, gedämpft (ohne Zusatz von Fett und Salz);Kurzbeschreibung;250;g;0.98;€;0.82;;133500
6331;;Fisch (Durchschnitt), roh;Kurzbeschreibung;100;g;0.98;€;1.96;;133510
6332;;Fischstäbchen (paniert und vorfritiert), gebraten in HOLL-Rapsöl;Kurzbeschreibung;200;g;0.98;€;1.47;;133510
6333;;Fischstäbchen (paniert und vorfritiert), im Ofen gebacken (ohne Zugabe von Fett);Kurzbeschreibung;375;g;7.99;€;1.6;;133510
6334;;Fischstäbchen, paniert und vorfritiert;Kurzbeschreibung;120;g;1.39;€;0.7;;133510
6335;;Flammenkuchen, gebacken;Kurzbeschreibung;100;g;1.49;€;1.49;;14810
6336;;Fleisch (Durchschnitt exkl. Innereien), roh;Kurzbeschreibung;250;g;0.77;€;0.39;;11170
6337;;Fleischkäse;Kurzbeschreibung;100;g;0.39;€;0.33;;103540
6338;;Fleischlasagne, zubereitet;Kurzbeschreibung;200;g;1.1;€;2.2;;16450
6339;;Flunder, Filet, gedämpft (ohne Zusatz von Fett und Salz);Kurzbeschreibung;375;g;1.49;€;2.24;;133510
6340;;Flunder, roh;Kurzbeschreibung;120;g;0.69;€;0.14;;133510
6341;;Fondue alkoholfrei, zubereitet;Kurzbeschreibung;100;g;0.69;€;0.35;;14800
6342;;Fondue klassisch, zubereitet;Kurzbeschreibung;250;g;5.99;€;5.99;;14800
6343;;Fondue moitié-moitié, zubereitet;Kurzbeschreibung;100;g;0.99;€;0.99;;14800
6344;;Forelle, ganz, gekocht (ohne Zusatz von Fett und Salz);Kurzbeschreibung;200;g;0.69;€;0.35;;7660
6345;;Forelle, roh;Kurzbeschreibung;375;g;1.49;€;1.24;;7660
6346;;Fotzelschnitte ungezuckert;Kurzbeschreibung;120;g;0.69;€;1.38;;14950
6347;;Freiburger Vacherin;Kurzbeschreibung;100;g;0.79;€;1.19;;5550
6348;;Frischkäse, Doppelrahm;Kurzbeschreibung;250;g;0.69;€;0.14;;5800
6349;;Früchte (Durchschnitt), gekocht (ohne Zugabe von Zucker);Kurzbeschreibung;100;g;1.29;€;0.65;;6180
6350;;Früchte (Durchschnitt), getrocknet;Kurzbeschreibung;200;g;0.69;€;1.38;;4360
6351;;Früchte (Durchschnitt), roh;Kurzbeschreibung;375;g;0.69;€;1.04;;3780
6352;;Fruchtsaft-Schorle (Durchschnitt, 60% Saft - 40% Wasser), ungezuckert;Kurzbeschreibung;120;g;0.79;€;0.16;;5700
6353;;Fruchtsaft (Durchschnitt), ungezuckert;Kurzbeschreibung;100;g;0.89;€;0.45;;5700
6354;;Fruchtsalat, gezuckert (Konserve);Kurzbeschreibung;250;ml;0.69;€;0.69;;6180
6355;;Fruchtsalat, ungezuckert (Konserve);Kurzbeschreibung;100;g;2.49;€;2.49;;6180
6356;;Fruchtwähe/-kuchen (Durchschnitt);Kurzbeschreibung;200;g;1.99;€;1;;14810
6357;;Fruchtwähe/-kuchen mit Blätterteig (Durchschnitt);Kurzbeschreibung;375;g;1.98;€;1.65;;14810
6358;;Fruchtwähe/-kuchen mit Kuchenteig (Durchschnitt);Kurzbeschreibung;120;ml;3.49;€;6.98;;14810
136;;Fruchtwähe/-kuchen mit süssem Mürbeteig (Durchschnitt);Kurzbeschreibung;100;g;3.49;€;5.24;;14810
6359;;Fünfkornbier;Kurzbeschreibung;250;ml;2.49;€;0.5;;11840
6360;;Garnele, gekocht;Kurzbeschreibung;100;g;0.98;€;0.49;;14980
6361;;Garnele, roh;Kurzbeschreibung;200;g;0.98;€;0.98;;14980
6362;;Geflügelfleisch (Durchschnitt exkl. Innereien), roh;Kurzbeschreibung;375;ml;0.98;€;0.98;;11010
6363;;Geflügelfleisch mit Haut (Durchschnitt), roh;Kurzbeschreibung;120;ml;7.99;€;4;;11010
111;;Geflügelfleisch ohne Haut (Durchschnitt exkl. Innereien), roh;Kurzbeschreibung;100;ml;1.39;€;1.16;;11010
6364;;Geflügellyoner;Kurzbeschreibung;250;ml;1.49;€;2.98;;103540
112;;Gehacktes (Durchschnitt aus Rind, Kalb, Schwein, Poulet), gebraten (ohne Zusatz von Fett und Salz);Kurzbeschreibung;100;ml;0.77;€;1.16;;16490
6365;;Gehacktes (Durchschnitt aus Rind, Kalb, Schwein, Poulet), roh;Kurzbeschreibung;200;ml;0.39;€;0.08;;11010
6366;;Gemüse (Durchschnitt), roh;Kurzbeschreibung;375;ml;1.1;€;0.55;;3500
110;;Gemüsegratin, gebacken;Kurzbeschreibung;120;ml;1.49;€;1.49;;14810
6367;;Gemüselasagne, zubereitet;Kurzbeschreibung;100;ml;0.69;€;0.69;;16450
6368;;Gerstenflocken;Kurzbeschreibung;250;ml;0.69;€;0.35;;7400
6369;;Gerstenflocken, Vollkorn;Kurzbeschreibung;100;ml;5.99;€;4.99;;7400
6371;;Gerstotto, gekocht;Kurzbeschreibung;200;g;0.99;€;1.98;;8500
6370;;Geschnetzeltes (Durchschnitt aus Rind, Kalb, Schwein, Geflügel), gebraten (ohne Zusatz von Fett und Salz);Kurzbeschreibung;375;g;0.69;€;1.04;;16490
6372;;Geschnetzeltes (Durchschnitt aus Rind, Kalb, Schwein, Geflügel), roh;Kurzbeschreibung;120;ml;1.49;€;0.3;;11010
138;;Getreideflocken (Durchschnitt);Kurzbeschreibung;100;g;0.69;€;0.35;;7400
6373;;Gipfeli (Durchschnitt);Kurzbeschreibung;250;g;0.79;€;0.79;;12690
6374;;Glarner Schabziger;Kurzbeschreibung;100;g;0.69;€;0.69;;5800
6375;;Gorgonzola;Kurzbeschreibung;200;g;1.29;€;0.65;;5550
6376;;Grapefruit, roh;Kurzbeschreibung;375;g;0.69;€;0.58;;3780
6377;;Greyerzer, vollfett;Kurzbeschreibung;120;g;0.69;€;1.38;;5550
6378;;Griessbrei, zubereitet (mit teilentrahmter Milch);Kurzbeschreibung;100;g;0.79;€;1.19;;15100
6379;;Griessbrei, zubereitet (mit Vollmilch);Kurzbeschreibung;250;g;0.89;€;0.18;;15100
6380;;Griessschnitte, zubereitet (mit teilentrahmter Milch);Kurzbeschreibung;100;g;0.69;€;0.35;;14800
6381;;Griessschnitte, zubereitet (mit Vollmilch);Kurzbeschreibung;200;ml;2.49;€;4.98;;14800
6382;;Grittibänz;Kurzbeschreibung;375;ml;1.99;€;2.99;;8520
131;;Gugelhopf Grossmutter Art;Kurzbeschreibung;120;g;1.98;€;0.4;;8780
6383;;Gulaschsuppe;Kurzbeschreibung;100;ml;3.49;€;1.75;;6690
6384;;Gummibonbon mit Fruchtessenz;Kurzbeschreibung;250;g;3.49;€;3.49;;9520
6390;;Gurke, in Essig eingelegt;Kurzbeschreibung;100;g;2.49;€;2.49;;10040
6385;;Gurke, roh;Kurzbeschreibung;200;g;0.98;€;0.49;;3500
6386;;Hackbraten, im Ofen gebacken;Kurzbeschreibung;375;g;0.98;€;0.82;;14800
6387;;Hackplätzli (Rind), gebraten in Rapsöl HOLL;Kurzbeschreibung;120;g;0.98;€;1.96;;15840
6388;;Haferbrei, zubereitet (mit teilentrahmter Milch);Kurzbeschreibung;100;g;7.99;€;11.99;;15100
6389;;Haferbrei, zubereitet (mit Vollmilch);Kurzbeschreibung;250;g;1.39;€;0.28;;15100
6391;;Haferflocken;Kurzbeschreibung;100;g;1.49;€;0.75;;7400
6392;;Haferkleie;Kurzbeschreibung;200;g;0.77;€;0.77;;7400
6393;;Halbfettbutter;Kurzbeschreibung;375;g;0.39;€;0.39;;520
6394;;Halbrahm, pasteurisiert;Kurzbeschreibung;120;g;1.49;€;0.75;;520
6395;;Halbrahm, UHT;Kurzbeschreibung;100;ml;0.69;€;0.58;;520
6397;;Halbweissbrot;Kurzbeschreibung;250;ml;0.69;€;1.38;;12690
6396;;Hart- und Halbhartkäse, vollfett (Durchschnitt);Kurzbeschreibung;100;g;5.99;€;8.99;;5550
6398;;Hartkaramellen, Hartbonbons;Kurzbeschreibung;200;g;0.99;€;0.2;;9520
6399;;Hartweizengriess, trocken;Kurzbeschreibung;375;g;0.69;€;0.35;;8500
6400;;Hase (Durchschnitt), roh;Kurzbeschreibung;120;g;1.49;€;1.49;;4870
6401;;Haselnuss;Kurzbeschreibung;100;g;0.69;€;0.69;;2710
6402;;Haselnuss-Schokolade-Brotaufstrich;Kurzbeschreibung;250;g;0.79;€;0.4;;105360
5118;;Haselnusskekse;Kurzbeschreibung;100;g;0.69;€;0.58;;8690
6403;;Haselnussmakrone;Kurzbeschreibung;200;g;1.29;€;2.58;;8690
6404;;Haselnussstängeli;Kurzbeschreibung;375;g;0.69;€;1.04;;8690
6405;;Hecht, roh;Kurzbeschreibung;120;g;0.69;€;0.14;;7660
6406;;Hefeteig (mit Butter), süss, ungebacken;Kurzbeschreibung;100;g;0.79;€;0.4;;9050
6407;;Hefeteig (mit pflanzlichem Fett), süss, ungebacken;Kurzbeschreibung;250;g;0.89;€;0.89;;9050
6408;;Heidelbeere, roh;Kurzbeschreibung;100;g;0.69;€;0.69;;3780
6409;;Heilbutt, roh;Kurzbeschreibung;200;g;2.49;€;1.25;;133510
5119;;Himbeere, roh;Kurzbeschreibung;375;g;1.99;€;1.66;;3780
6410;;Hinterschinken;Kurzbeschreibung;120;g;1.98;€;3.96;;7790
6411;;Hirsch (Durchschnitt), roh;Kurzbeschreibung;100;g;3.49;€;5.24;;11170
6412;;Hirsch, Entrecôte, roh;Kurzbeschreibung;250;g;3.49;€;0.7;;11170
6413;;Hirse, Korn geschält;Kurzbeschreibung;100;g;2.49;€;1.25;;8500
6414;;Hirseflocken, Vollkorn;Kurzbeschreibung;200;g;0.98;€;1.96;;7400
6415;;Hirsotto, gekocht;Kurzbeschreibung;375;g;0.98;€;1.47;;8500
6416;;Hollandaisesauce;Kurzbeschreibung;120;g;0.98;€;0.2;;129820
120;;Holunderbeere, schwarz, roh;Kurzbeschreibung;100;ml;7.99;€;4;;3780
6417;;Honig (Blütenhonig);Kurzbeschreibung;250;g;1.39;€;1.39;;105360
6418;;Honigmelone, roh;Kurzbeschreibung;100;g;1.49;€;1.49;;3780
6419;;Hot Dog in Weissbrot mit Ketchup und Senf;Kurzbeschreibung;200;g;0.77;€;0.39;;14800
6420;;Hühnerei, ganz, festgekocht;Kurzbeschreibung;375;g;0.39;€;0.33;;10700
6421;;Hühnerei, ganz, roh;Kurzbeschreibung;120;g;1.1;€;2.2;;10700
6422;;Hühnereigelb, roh (Eidotter);Kurzbeschreibung;100;g;1.49;€;2.24;;10700
6423;;Hühnereiweiss, roh (Eiklar);Kurzbeschreibung;250;g;0.69;€;0.14;;10700
6424;;Hülsenfrüchte (Durchschnitt), gekocht (ohne Zugabe von Fett und Salz);Kurzbeschreibung;100;g;0.69;€;0.35;;133890
6425;;Hülsenfrüchte (Durchschnitt), getrocknet;Kurzbeschreibung;200;g;5.99;€;5.99;;133890
6426;;Hüttenkäse, nature;Kurzbeschreibung;375;g;0.99;€;0.99;;5800
6427;;Instant-Kartoffelstock, zubereitet (mit Wasser und Butter);Kurzbeschreibung;120;g;0.69;€;0.35;;8670
6428;;Jägersauce;Kurzbeschreibung;100;g;1.49;€;1.24;;129820
6429;;Joghurt-Salatsauce (ohne Öl);Kurzbeschreibung;250;g;0.69;€;1.38;;12000
6430;;Joghurt Bifidus, nature;Kurzbeschreibung;100;g;0.79;€;1.19;;590
6431;;Joghurt gezuckert (Durchschnitt);Kurzbeschreibung;200;g;0.69;€;0.14;;590
6432;;Joghurt mit Aroma, mager, mit Süssstoffen;Kurzbeschreibung;375;g;1.29;€;0.65;;590
6433;;Joghurt mit Früchten, mager, mit Süssstoffen;Kurzbeschreibung;120;g;0.69;€;0.69;;590
6434;;Joghurt, Erdbeer;Kurzbeschreibung;100;g;0.69;€;0.69;;590
6435;;Joghurt, Haselnuss;Kurzbeschreibung;250;g;0.79;€;0.4;;590
6436;;Joghurt, Mokka;Kurzbeschreibung;100;g;0.89;€;0.74;;590
6437;;Joghurt, Mokka, Bio;Kurzbeschreibung;200;g;0.69;€;1.38;;590
6438;;Joghurt, nature;Kurzbeschreibung;375;g;2.49;€;3.74;;590
6439;;Joghurt, nature, mager;Kurzbeschreibung;120;g;1.99;€;0.4;;590
6440;;Joghurt, Schokolade;Kurzbeschreibung;100;g;1.98;€;0.99;;590
6441;;Joghurt, Vanille;Kurzbeschreibung;250;g;3.49;€;3.49;;590
6442;;Johannisbeere, rot, roh;Kurzbeschreibung;100;g;3.49;€;3.49;;3780
6443;;Johannisbeere, schwarz, roh;Kurzbeschreibung;200;g;2.49;€;1.25;;3780
6444;;Johannisbeerkuchen, gebacken (mit Blätterteig);Kurzbeschreibung;375;g;0.98;€;0.82;;14810
6445;;Johannisbeerkuchen, gebacken (mit Kuchenteig);Kurzbeschreibung;120;g;0.98;€;1.96;;14810
6446;;Johannisbeerkuchen, gebacken (mit süssem Mürbeteig);Kurzbeschreibung;100;g;0.98;€;1.47;;14810
6447;;Kaffee löslich, Pulver;Kurzbeschreibung;250;ml;7.99;€;1.6;;11890
6448;;Kaffee, schwarz, ungezuckert;Kurzbeschreibung;100;g;1.39;€;0.7;;11890
6449;;Kaffeerahm;Kurzbeschreibung;200;g;1.49;€;1.49;;520
6450;;Kakaopulver;Kurzbeschreibung;375;g;0.77;€;0.39;;5830
6451;;Kaki, roh;Kurzbeschreibung;120;g;0.39;€;0.33;;3780
6452;;Kalb, Brust, gekocht (ohne Zugabe von Fett und Salz);Kurzbeschreibung;100;g;1.1;€;2.2;;16500
6453;;Kalb, Brust, roh;Kurzbeschreibung;250;g;1.49;€;2.24;;16500
6454;;Kalb, Eckstück, roh;Kurzbeschreibung;100;g;0.69;€;0.14;;16500
6455;;Kalb, Filet, roh;Kurzbeschreibung;200;g;0.69;€;0.35;;16500
6456;;Kalb, Gehacktes, roh;Kurzbeschreibung;375;g;5.99;€;5.99;;16500
6457;;Kalb, Geschnetzeltes, gebraten (ohne Zugabe von Fett und Salz);Kurzbeschreibung;120;g;0.99;€;0.99;;16500
6458;;Kalb, Geschnetzeltes, roh;Kurzbeschreibung;100;g;0.69;€;0.35;;16500
6459;;Kalb, Haxe, geschmort (ohne Zugabe von Fett und Salz);Kurzbeschreibung;250;g;1.49;€;1.24;;16500
6460;;Kalb, Haxe, roh;Kurzbeschreibung;100;g;0.69;€;1.38;;16500
6461;;Kalb, Kotelett, roh;Kurzbeschreibung;200;g;0.79;€;1.19;;16500
6462;;Kalb, Leber, roh;Kurzbeschreibung;375;g;0.69;€;0.14;;16500
6463;;Kalb, Milken, roh;Kurzbeschreibung;120;g;1.29;€;0.65;;16500
6464;;Kalb, Niere, roh;Kurzbeschreibung;100;ml;0.69;€;1.38;;16500
6465;;Kalb, Nierstück, Steak, gebraten (ohne Zugabe von Fett und Salz);Kurzbeschreibung;250;ml;0.69;€;1.04;;16500
6466;;Kalb, Nierstück, Steak, roh;Kurzbeschreibung;100;ml;0.79;€;0.16;;16500
119;;Kalb, Runder Mocken, roh;Kurzbeschreibung;200;ml;0.89;€;0.45;;16500
6467;;Kalb, Schulter, Braten, im Ofen gebraten (ohne Zugabe von Fett und Salz);Kurzbeschreibung;375;ml;0.69;€;0.69;;16500
6468;;Kalb, Schulter, Braten, roh;Kurzbeschreibung;120;g;2.49;€;2.49;;16500
6469;;Kalb, Voressen, roh;Kurzbeschreibung;100;g;1.99;€;1;;16500
6470;;Kalb, Zunge, roh;Kurzbeschreibung;250;g;1.98;€;1.65;;16500
6471;;Kalbfleisch (Durchschnitt exkl. Innereien, Kotelett), roh;Kurzbeschreibung;100;g;3.49;€;6.98;;16500
6472;;Kalbsbratwurst;Kurzbeschreibung;200;g;3.49;€;5.24;;103540
6473;;Kalbspiccata, zubereitet;Kurzbeschreibung;375;g;2.49;€;0.5;;14800
6474;;Kalbsplätzli, gebraten (ohne Zugabe von Fett und Salz);Kurzbeschreibung;120;g;0.98;€;0.49;;16500
6475;;Kalbsplätzli, gebraten in HOLL-Rapsöl;Kurzbeschreibung;100;g;0.98;€;0.98;;16500
6476;;Kalbsragout mit Sauce, zubereitet;Kurzbeschreibung;250;g;0.98;€;0.98;;14800
6477;;Kalmar, roh;Kurzbeschreibung;100;g;7.99;€;4;;14980
6478;;Kaninchen (Durchschnitt), gekocht (ohne Zusatz von Fett und Salz);Kurzbeschreibung;200;g;1.39;€;1.16;;4870
6479;;Kaninchen (Durchschnitt), roh;Kurzbeschreibung;375;g;1.49;€;2.98;;4870
6480;;Kaninchen, Filet, roh;Kurzbeschreibung;120;g;0.77;€;1.16;;4870
6481;;Karotte, gedämpft (ohne Zugabe von Salz);Kurzbeschreibung;100;g;0.39;€;0.08;;10040
6482;;Karotte, roh;Kurzbeschreibung;250;g;1.1;€;0.55;;3500
6483;;Karottensaft;Kurzbeschreibung;100;g;1.49;€;1.49;;5680
6484;;Kartoffel, geschält, gedämpft (ohne Zugabe von Salz);Kurzbeschreibung;200;g;0.69;€;0.69;;8670
6486;;Kartoffel, geschält, roh;Kurzbeschreibung;375;ml;0.69;€;0.35;;8670
6487;;Kartoffelflocken, mit Milchpulver und Salz (Instant-Kartoffelstock);Kurzbeschreibung;120;ml;5.99;€;4.99;;8670
6485;;Kartoffelgratin dauphinois, zubereitet;Kurzbeschreibung;100;ml;0.99;€;1.98;;14810
6488;;Kartoffelgratin Savoyer Art, zubereitet;Kurzbeschreibung;250;ml;0.69;€;1.04;;14810
6489;;Kartoffelsalat mit Essig-Öl-Sauce;Kurzbeschreibung;100;ml;1.49;€;0.3;;15740
6490;;Kartoffelsalat mit Mayonnaise-Joghurt-Sauce;Kurzbeschreibung;200;ml;0.69;€;0.35;;15740
6491;;Kartoffelstärke;Kurzbeschreibung;375;ml;0.79;€;0.79;;105340
6492;;Kartoffelstock, zubereitet (mit Rahm und Butter);Kurzbeschreibung;120;ml;0.69;€;0.69;;8670
6493;;Kartoffelstock, zubereitet (mit teilentrahmter Milch und Butter);Kurzbeschreibung;100;g;1.29;€;0.65;;8670
6494;;Kartoffelstock, zubereitet (mit Vollmilch und Butter);Kurzbeschreibung;250;ml;0.69;€;0.58;;8670
6495;;Käse in Salzlake (Kuhmilch);Kurzbeschreibung;100;g;0.69;€;1.38;;100520
6496;;Käse in Salzlake (Schaf- und Ziegenmilch);Kurzbeschreibung;200;g;0.79;€;1.19;;100520
6497;;Käsekuchen, gebacken (mit Blätterteig);Kurzbeschreibung;375;g;0.89;€;0.18;;14810
6498;;Käsekuchen, gebacken (mit Kuchenteig);Kurzbeschreibung;120;ml;0.69;€;0.35;;14810
6499;;Käsereibutter;Kurzbeschreibung;100;g;2.49;€;4.98;;520
6500;;Käseschnitte, zubereitet;Kurzbeschreibung;250;g;1.99;€;2.99;;14800
6501;;Kebab im Fladenbrot;Kurzbeschreibung;100;g;1.98;€;0.4;;15730
6502;;Kefe, gedämpft (ohne Zugabe von Salz);Kurzbeschreibung;200;g;3.49;€;1.75;;10040
6503;;Kefe, roh;Kurzbeschreibung;375;g;3.49;€;3.49;;3500
6504;;Ketchup;Kurzbeschreibung;120;g;2.49;€;2.49;;129820
6505;;Kichererbse, gekocht (ohne Zugabe von Fett und Salz);Kurzbeschreibung;100;g;0.98;€;0.49;;133890
6506;;Kichererbse, getrocknet;Kurzbeschreibung;250;g;0.98;€;0.82;;133890
6507;;Kirsch;Kurzbeschreibung;100;g;0.98;€;1.96;;5190
6508;;Kirsche, gedünstet, abgetropft (ohne Zugabe von Zucker);Kurzbeschreibung;200;ml;7.99;€;11.99;;6180
6509;;Kirsche, roh;Kurzbeschreibung;375;g;1.39;€;0.28;;3780
6510;;Kirschenkuchen, gebacken (mit Blätterteig);Kurzbeschreibung;120;g;1.49;€;0.75;;14810
6511;;Kirschenkuchen, gebacken (mit Kuchenteig);Kurzbeschreibung;100;g;0.77;€;0.77;;14810
6512;;Kiwi, roh;Kurzbeschreibung;250;g;0.39;€;0.39;;3780
6513;;Knäckebrot, Vollkorn;Kurzbeschreibung;100;g;1.49;€;0.75;;9190
6514;;Knäckebrot, Vollkorn mit Leinsamen;Kurzbeschreibung;200;g;0.69;€;0.58;;9190
6515;;Knäckebrot, Vollkorn mit Sesam;Kurzbeschreibung;375;g;0.69;€;1.38;;9190
6516;;Knoblauch, roh;Kurzbeschreibung;120;g;5.99;€;8.99;;3500
6517;;Knollensellerie, gedämpft (ohne Zugabe von Salz);Kurzbeschreibung;100;g;0.99;€;0.2;;10040
6518;;Knollensellerie, roh;Kurzbeschreibung;250;g;0.69;€;0.35;;3500
6519;;Knöpflimehl;Kurzbeschreibung;100;g;1.49;€;1.49;;4210
6520;;Kochbutter;Kurzbeschreibung;200;g;0.69;€;0.69;;520
6521;;Kochpökelware (Durchschnitt);Kurzbeschreibung;375;g;0.79;€;0.4;;7790
6522;;Kochsalz mit Jod;Kurzbeschreibung;120;g;0.69;€;0.58;;16940
6523;;Kochsalz mit Jod und Fluor;Kurzbeschreibung;100;g;1.29;€;2.58;;16940
6524;;Kochsalz ohne Jod und Fluor;Kurzbeschreibung;250;g;0.69;€;1.04;;16940
6525;;Kochspeck;Kurzbeschreibung;100;g;0.69;€;0.14;;133450
6526;;Kochwürste (Durchschnitt);Kurzbeschreibung;200;g;0.79;€;0.4;;7790
6527;;Kohlgemüse (Durchschnitt), gekocht (ohne Zugabe von Salz und Fett);Kurzbeschreibung;375;g;0.89;€;0.89;;10040
6528;;Kohlgemüse (Durchschnitt), roh;Kurzbeschreibung;120;g;0.69;€;0.69;;3500
6529;;Kohlrabi, gedämpft (ohne Zugabe von Salz);Kurzbeschreibung;100;g;2.49;€;1.25;;10040
6530;;Kohlrabi, roh;Kurzbeschreibung;250;g;1.99;€;1.66;;3500
6531;;Kokosfett;Kurzbeschreibung;100;g;1.98;€;3.96;;6020
6532;;Kokosmakronen;Kurzbeschreibung;200;g;3.49;€;5.24;;8690
6533;;Kokosnuss;Kurzbeschreibung;375;g;3.49;€;0.7;;2710
6534;;Kokosnuss, getrocknet (Kokosrapseln, Kokosflocken);Kurzbeschreibung;120;g;2.49;€;1.25;;2710
6535;;Kondensmilch, gezuckert;Kurzbeschreibung;100;g;0.98;€;1.96;;5270
6536;;Kondensmilch, ungezuckert;Kurzbeschreibung;250;g;0.98;€;1.47;;5270
6537;;Konfitüre;Kurzbeschreibung;100;g;0.98;€;0.2;;105360
6538;;Konfitüre, energievermindert, mit Süssstoffen;Kurzbeschreibung;200;g;7.99;€;4;;105360
137;;Kopfsalat, roh;Kurzbeschreibung;375;g;1.39;€;1.39;;3500
6539;;Kotelett (Durchschnitt aus Kalb, Schwein, Lamm), gebraten (ohne Zusatz von Fett und Salz);Kurzbeschreibung;120;g;1.49;€;1.49;;16490
6540;;Kotelett (Durchschnitt aus Kalb, Schwein, Lamm), roh;Kurzbeschreibung;100;g;0.77;€;0.39;;11100
5120;;Krustentiere (Durchschnitt), roh;Kurzbeschreibung;250;g;0.39;€;0.33;;14980
6541;;Kuchenteig (mit Butter), ungebacken;Kurzbeschreibung;100;g;1.1;€;2.2;;9050
6542;;Kuchenteig (mit pflanzlichem Fett), ungebacken;Kurzbeschreibung;200;g;1.49;€;2.24;;9050
6543;;Kürbis-Piccata, zubereitet;Kurzbeschreibung;375;ml;0.69;€;0.14;;14800
6544;;Kürbiskerne;Kurzbeschreibung;120;ml;0.69;€;0.35;;2710
5121;;Kürbisscheiben, paniert, zubereitet;Kurzbeschreibung;100;g;5.99;€;5.99;;14800
5122;;Lachs, geräuchert;Kurzbeschreibung;250;g;0.99;€;0.99;;133510
5123;;Lachs, wild, roh;Kurzbeschreibung;100;g;0.69;€;0.35;;133510
5124;;Lachs, Zucht, Filet, gedämpft (ohne Zusatz von Fett und Salz);Kurzbeschreibung;200;g;1.49;€;1.24;;133510
6545;;Lachs, Zucht, roh;Kurzbeschreibung;375;g;0.69;€;1.38;;133510
6551;;"Lamm, Filet, medium"" gebraten (ohne Zusatz von Fett und Salz)""";Kurzbeschreibung;120;g;0.79;€;1.19;;11100
12395;;Lamm, Filet, roh;Kurzbeschreibung;100;g;0.69;€;0.14;;11100
6546;;Lamm, Gigot, gebraten (ohne Zusatz von Fett und Salz);Kurzbeschreibung;250;g;1.29;€;0.65;;11100
12843;;Lamm, Gigot, roh (Schweiz, Neuseeland);Kurzbeschreibung;100;g;0.69;€;0.69;;11100
6547;;Lamm, Kotelett, roh (Schweiz);Kurzbeschreibung;200;g;0.69;€;0.69;;11100
10732;;Lamm, Nierstück, roh (Australien, Neuseeland);Kurzbeschreibung;375;ml;0.79;€;0.4;;11100
6548;;Lamm, Racks, roh (Australien, Neuseeland);Kurzbeschreibung;120;ml;0.89;€;0.74;;11100
10659;;Lamm, Voressen, roh (Schweiz);Kurzbeschreibung;100;g;0.69;€;1.38;;11100
6549;;Lamm/Schaf (Durchschnitt exkl. Innereien, Kotelett), roh;Kurzbeschreibung;250;g;2.49;€;3.74;;11100
10713;;Lammragout mit Sauce, zubereitet;Kurzbeschreibung;100;g;1.99;€;0.4;;14800
6550;;Landjäger;Kurzbeschreibung;200;g;1.98;€;0.99;;133450
5125;;Latte macchiato, ungezuckert;Kurzbeschreibung;375;g;3.49;€;3.49;;11890
12872;;Lattich, roh;Kurzbeschreibung;120;g;3.49;€;3.49;;3500
12873;;Lauch, gedünstet (ohne Zugabe von Fett und Salz);Kurzbeschreibung;100;g;2.49;€;1.25;;10040
6552;;Lauch, roh;Kurzbeschreibung;250;g;0.98;€;0.82;;3500
6553;;Laugenbrötli;Kurzbeschreibung;100;g;0.98;€;1.96;;12690
12874;;Laugengebäck trocken (Bretzel, Sticks);Kurzbeschreibung;200;g;0.98;€;1.47;;9510
6554;;Laugengipfeli;Kurzbeschreibung;375;g;7.99;€;1.6;;12690
6555;;Leber (Durchschnitt aus Rind, Kalb, Schwein, Geflügel), roh;Kurzbeschreibung;120;g;1.39;€;0.7;;16510
5126;;Leber (Durchschnitt aus Rind, Kalb, Schwein, Geglügel), gebraten (ohne Zusatz von Fett und Salz);Kurzbeschreibung;100;g;1.49;€;1.49;;16490
5127;;Leberwurst;Kurzbeschreibung;250;g;0.77;€;0.39;;7790
6556;;Lebkuchen;Kurzbeschreibung;100;g;0.39;€;0.33;;8520
6557;;Lebkuchen mit Schokoladeüberzug;Kurzbeschreibung;200;g;1.1;€;2.2;;8520
5128;;Leinsamen;Kurzbeschreibung;375;g;1.49;€;2.24;;2710
12875;;Lemon Curd;Kurzbeschreibung;120;g;0.69;€;0.14;;15100
12876;;Limburger (Münster);Kurzbeschreibung;100;g;0.69;€;0.35;;5550
5129;;Limonade, mit Aroma, gezuckert;Kurzbeschreibung;250;g;5.99;€;5.99;;4990
5130;;Linse, ganz, gekocht (ohne Zugabe von Fett und Salz);Kurzbeschreibung;100;g;0.99;€;0.99;;133890
5131;;Linse, ganz, getrocknet;Kurzbeschreibung;200;g;0.69;€;0.35;;133890
5132;;Linse, geschält, gekocht (ohne Zugabe von Fett und Salz);Kurzbeschreibung;375;g;1.49;€;1.24;;133890
12877;;Linse, geschält, getrocknet;Kurzbeschreibung;120;g;0.69;€;1.38;;133890
12878;;Linzertorte;Kurzbeschreibung;100;g;0.79;€;1.19;;8780
10496;;Löffelbiscuit;Kurzbeschreibung;250;g;0.69;€;0.14;;8690
10740;;Luganighe;Kurzbeschreibung;100;ml;1.29;€;0.65;;133450
6560;;Lyoner;Kurzbeschreibung;200;g;0.69;€;1.38;;103540
6558;;Madeleine;Kurzbeschreibung;375;g;0.69;€;1.04;;8520
6559;;Magermilch, UHT;Kurzbeschreibung;120;g;0.79;€;0.16;;5270
12857;;Magermilchpulver;Kurzbeschreibung;100;g;0.89;€;0.45;;5270
6561;;Mailänderli;Kurzbeschreibung;250;g;0.69;€;0.69;;8690
6562;;Mais-Chips (Apérogebäck);Kurzbeschreibung;100;ml;2.49;€;2.49;;6820
6563;;Mais, gedämpft (ohne Zugabe von Salz);Kurzbeschreibung;200;ml;1.99;€;1;;10040
6564;;Mais, roh;Kurzbeschreibung;375;ml;1.98;€;1.65;;3500
6565;;Maisgriess, gekocht;Kurzbeschreibung;120;ml;3.49;€;6.98;;16200
6566;;Maisgriess, trocken;Kurzbeschreibung;100;ml;3.49;€;5.24;;16200
6567;;Maiskeimöl;Kurzbeschreibung;250;ml;2.49;€;0.5;;5900
6568;;Maiskölbchen, in Essig eingelegt;Kurzbeschreibung;100;ml;0.98;€;0.49;;10040
6569;;Maisstärke;Kurzbeschreibung;200;ml;0.98;€;0.98;;105340
6570;;Mandarine, roh;Kurzbeschreibung;375;ml;0.98;€;0.98;;3780
6571;;Mandel;Kurzbeschreibung;120;ml;7.99;€;4;;2710
6572;;Mandel, geröstet, gesalzen;Kurzbeschreibung;100;g;1.39;€;1.16;;2700
6061;;Mandel, ohne Fett geröstet, gesalzen;Kurzbeschreibung;250;g;1.49;€;2.98;;2700
6062;;Mango, roh;Kurzbeschreibung;100;g;0.77;€;1.16;;3780
6063;;Mangold, gedämpft (ohne Zugabe von Salz);Kurzbeschreibung;200;g;0.39;€;0.08;;10040
6064;;Mangold, roh;Kurzbeschreibung;375;g;1.1;€;0.55;;3500
6573;;Margarine;Kurzbeschreibung;120;g;1.49;€;1.49;;6020
6574;;Marmorkuchen;Kurzbeschreibung;100;g;0.69;€;0.69;;8780
6575;;Marzipan;Kurzbeschreibung;250;g;0.69;€;0.35;;4970
6576;;Mascarpone;Kurzbeschreibung;100;g;5.99;€;4.99;;5800
6608;;Mayonnaise;Kurzbeschreibung;200;g;0.99;€;1.98;;7720
6609;;Mayonnaise, kalorienvermindert;Kurzbeschreibung;375;g;0.69;€;1.04;;7720
6610;;Mayonnaise, selbst zubereitet mit Rapsöl;Kurzbeschreibung;120;g;1.49;€;0.3;;7720
6611;;Mehl (Durchschnitt);Kurzbeschreibung;100;g;0.69;€;0.35;;4210
6612;;Mehl, hell (Durchschnitt);Kurzbeschreibung;250;g;0.79;€;0.79;;4210
6613;;Mehlomeletten mit Champignonfüllung, zubereitet;Kurzbeschreibung;100;g;0.69;€;0.69;;14800
6614;;Mehlomeletten mit Gemüsefüllung, zubereitet;Kurzbeschreibung;200;g;1.29;€;0.65;;14800
6615;;Mehlomeletten mit Käse, zubereitet;Kurzbeschreibung;375;g;0.69;€;0.58;;14800
6616;;Mehlomeletten mit Nutella, zubereitet;Kurzbeschreibung;120;g;0.69;€;1.38;;14950
6617;;Mehlomeletten mit Schinken, zubereitet;Kurzbeschreibung;100;g;0.79;€;1.19;;14800
6618;;Mehlomeletten mit Speck, zubereitet;Kurzbeschreibung;250;g;0.89;€;0.18;;14800
6619;;Mehlomeletten mit Zimt und Zucker, zubereitet;Kurzbeschreibung;100;g;0.69;€;0.35;;14950
6620;;Mehlomeletten, zubereitet;Kurzbeschreibung;200;g;2.49;€;4.98;;14800
6621;;Melasse, Melassesirup;Kurzbeschreibung;375;g;1.99;€;2.99;;105360
6622;;Meringue;Kurzbeschreibung;120;g;1.98;€;0.4;;4970
6623;;Miesmuschel, roh;Kurzbeschreibung;100;g;3.49;€;1.75;;14980
1274;;Milch (Durchschnitt);Kurzbeschreibung;250;g;3.49;€;3.49;;5270
1284;;Milchkaffee dunkel, ungezuckert;Kurzbeschreibung;100;g;2.49;€;2.49;;11890
1286;;Milchkaffee hell, ungezuckert;Kurzbeschreibung;200;g;0.98;€;0.49;;11890
1285;;Milchkaffee, ungezuckert;Kurzbeschreibung;375;g;0.98;€;0.82;;11890
1815;;Milchreis, zubereitet (mit teilentrahmter Milch);Kurzbeschreibung;120;g;0.98;€;1.96;;15100
5133;;Milchreis, zubereitet (mit Vollmilch);Kurzbeschreibung;100;g;7.99;€;11.99;;15100
6624;;Milchschokolade;Kurzbeschreibung;250;g;1.39;€;0.28;;6430
1816;;Milchschokolade mit Alkoholfüllung;Kurzbeschreibung;100;g;1.49;€;0.75;;6430
5134;;Milchschokolade mit Crèmefüllung (Gianduja, Nougat);Kurzbeschreibung;200;g;0.77;€;0.77;;6430
13154;;Milchschokolade mit Mandel-Honig-Nougat;Kurzbeschreibung;375;g;0.39;€;0.39;;6430
13155;;Milchschokolade mit Nüssen;Kurzbeschreibung;120;ml;1.49;€;0.75;;6430
13156;;Milchschokolade mit Weinbeeren, Nüssen und Mandeln;Kurzbeschreibung;100;g;0.69;€;0.58;;6430
13158;;Minestrone;Kurzbeschreibung;250;g;0.69;€;1.38;;6690
13159;;Minipic Würstchen;Kurzbeschreibung;100;g;5.99;€;8.99;;133450
13160;;Mirabelle, gedünstet, abgetropft (ohne Zugabe von Zucker);Kurzbeschreibung;200;g;0.99;€;0.2;;6180
13157;;Mirabelle, roh;Kurzbeschreibung;375;g;0.69;€;0.35;;3780
5135;;Mit Hackfleisch gefüllte Oliven, frittiert;Kurzbeschreibung;120;g;1.49;€;1.49;;105460
5136;;Molke, süss;Kurzbeschreibung;100;g;0.69;€;0.69;;5300
5137;;Morchel, gedünstet (ohne Zugabe von Fett und Salz);Kurzbeschreibung;250;g;0.79;€;0.4;;6300
6625;;Morchel, roh;Kurzbeschreibung;100;ml;0.69;€;0.58;;6300
6626;;Mortadella;Kurzbeschreibung;200;g;1.29;€;2.58;;103540
6627;;Mostbröckli;Kurzbeschreibung;375;g;0.69;€;1.04;;133450
6628;;Mozzarella;Kurzbeschreibung;120;g;0.69;€;0.14;;5800
6629;;Mürbeteig (mit Butter), süss, ungebacken;Kurzbeschreibung;100;g;0.79;€;0.4;;9050
5138;;Mürbeteig (mit pflanzlichem Fett), süss, ungebacken;Kurzbeschreibung;250;g;0.89;€;0.89;;9050
5139;;Mütschli;Kurzbeschreibung;100;g;0.69;€;0.69;;12690
6630;;Nasi Goreng, zubereitet;Kurzbeschreibung;200;g;2.49;€;1.25;;15780
5140;;Nektarine, roh;Kurzbeschreibung;375;g;1.99;€;1.66;;3780
5141;;Nussgipfel aus Blätterteig;Kurzbeschreibung;120;g;1.98;€;3.96;;8520
5142;;Nussgipfel aus Hefeteig;Kurzbeschreibung;100;g;3.49;€;5.24;;8520
5143;;Nüsslisalat, roh;Kurzbeschreibung;250;g;3.49;€;0.7;;3500
5144;;Nussschnecke aus Hefeteig;Kurzbeschreibung;100;g;2.49;€;1.25;;8520
5145;;Ofen-Frites, tiefgekühlt;Kurzbeschreibung;200;g;0.98;€;1.96;;8670
6631;;Olive, grün;Kurzbeschreibung;375;g;0.98;€;1.47;;2710
6632;;Olive, schwarz;Kurzbeschreibung;120;g;0.98;€;0.2;;2710
6633;;Olivenöl;Kurzbeschreibung;100;g;7.99;€;4;;5900
6634;;Orange, roh;Kurzbeschreibung;250;g;1.39;€;1.39;;3780
6635;;Orangennektar;Kurzbeschreibung;100;g;1.49;€;1.49;;5700
6636;;Orangensaft;Kurzbeschreibung;200;g;0.77;€;0.39;;5700
6637;;Orangensaft, angereichert mit Vitamin C;Kurzbeschreibung;375;g;0.39;€;0.33;;5700
5146;;Palmöl - Palmfett;Kurzbeschreibung;120;g;1.1;€;2.2;;6020
5147;;Pancetta;Kurzbeschreibung;100;g;1.49;€;2.24;;133450
6638;;Panettone;Kurzbeschreibung;250;g;0.69;€;0.14;;8520
6639;;Paniermehl;Kurzbeschreibung;100;g;0.69;€;0.35;;4210
6640;;Pantli;Kurzbeschreibung;200;g;5.99;€;5.99;;133450
5148;;Paprika (Gewürz);Kurzbeschreibung;375;g;0.99;€;0.99;;16940
6641;;Paranuss;Kurzbeschreibung;120;g;0.69;€;0.35;;2710
6642;;Pariserbrot;Kurzbeschreibung;100;g;1.49;€;1.24;;12690
5149;;Parmesan;Kurzbeschreibung;250;g;0.69;€;1.38;;5550
5150;;Passionsfrucht, roh;Kurzbeschreibung;100;g;0.79;€;1.19;;3780
5151;;Pâté de campagne;Kurzbeschreibung;200;g;0.69;€;0.14;;7790
5152;;Peperoni, grün, gedünstet (ohne Zugabe von Fett und Salz);Kurzbeschreibung;375;g;1.29;€;0.65;;10040
6643;;Peperoni, grün, roh;Kurzbeschreibung;120;g;0.69;€;0.69;;3500
6644;;Peperoni, rot, gedünstet (ohne Zugabe von Fett und Salz);Kurzbeschreibung;100;g;0.69;€;0.69;;10040
5153;;Peperoni, rot, roh;Kurzbeschreibung;250;g;0.79;€;0.4;;3500
6645;;Petersilie, roh;Kurzbeschreibung;100;g;0.89;€;0.74;;4650
2117;;Pfefferminze, roh;Kurzbeschreibung;200;g;0.69;€;1.38;;4650
6646;;Pferd, Filet, gebraten (ohne Zusatz von Fett und Salz);Kurzbeschreibung;375;g;2.49;€;3.74;;4870
3890;;Pferd, Filet, roh;Kurzbeschreibung;120;g;1.99;€;0.4;;4870
3939;;Pferderagout mit Sauce, zubereitet;Kurzbeschreibung;100;g;1.98;€;0.99;;14800
4250;;Pfirsich, gezuckert (Konserve);Kurzbeschreibung;250;g;3.49;€;3.49;;6180
4188;;Pfirsich, roh;Kurzbeschreibung;100;g;3.49;€;3.49;;3780
4034;;Pfirsich, ungezuckert (Konserve);Kurzbeschreibung;200;g;2.49;€;1.25;;6180
3983;;Pflaume, gedünstet, abgetropft (ohne Zugabe von Zucker);Kurzbeschreibung;375;g;0.98;€;0.82;;6180
3955;;Pflaume, getrocknet;Kurzbeschreibung;120;g;0.98;€;1.96;;4360
11538;;Pflaume, roh;Kurzbeschreibung;100;g;0.98;€;1.47;;3780
4191;;Pflaumenkuchen, gebacken (mit Blätterteig);Kurzbeschreibung;250;g;7.99;€;1.6;;14810
11539;;Pflaumenkuchen, gebacken (mit Kuchenteig);Kurzbeschreibung;100;g;1.39;€;0.7;;14810
4176;;Pilz (Durchschnitt), gedünstet (ohne Zugabe von Fett und Salz);Kurzbeschreibung;200;g;1.49;€;1.49;;6300
4066;;Pilz (Durchschnitt), roh;Kurzbeschreibung;375;g;0.77;€;0.39;;6300
11066;;Pilzrisotto, gekocht;Kurzbeschreibung;120;g;0.39;€;0.33;;14800
4069;;Pilzsauce, gebunden;Kurzbeschreibung;100;g;1.1;€;2.2;;129820
11135;;Pilzsuppe;Kurzbeschreibung;250;g;1.49;€;2.24;;6690
4083;;Pinienkerne;Kurzbeschreibung;100;g;0.69;€;0.14;;2710
4333;;Pistazie;Kurzbeschreibung;200;g;0.69;€;0.35;;2710
11136;;Pizza al tonno, gebacken;Kurzbeschreibung;375;g;5.99;€;5.99;;16450
4114;;Pizza Calzone, gebacken;Kurzbeschreibung;120;g;0.99;€;0.99;;16450
11540;;Pizza Hawaii, gebacken;Kurzbeschreibung;100;g;0.69;€;0.35;;16450
3893;;Pizza Margherita, gebacken;Kurzbeschreibung;100;g;1.49;€;1.24;;16450
3936;;Pizza mit Gemüse, gebacken;Kurzbeschreibung;200;g;0.69;€;1.38;;16450
3804;;Pizza mit Mascarpone und Rucola, gebacken;Kurzbeschreibung;375;g;0.79;€;1.19;;16450
4112;;Pizza Prosciutto e Funghi, gebacken;Kurzbeschreibung;120;g;0.69;€;0.14;;16450
1724;;Pizza Prosciutto, gebacken;Kurzbeschreibung;100;g;1.29;€;0.65;;16450
1725;;Pizza Quattro Formaggi, gebacken;Kurzbeschreibung;250;g;0.69;€;1.38;;16450
1780;;Pizzateig (mit Olivenöl), ungebacken;Kurzbeschreibung;100;g;0.69;€;1.04;;9050
6647;;Plätzli (Durchschnitt aus Geflügel, Kalb, Rind, Schwein), gebraten (ohne Zusatz von Fett und Salz);Kurzbeschreibung;200;g;0.79;€;0.16;;16490
12886;;Plätzli (Durchschnitt aus Rind, Kalb, Schwein, Geflügel), roh;Kurzbeschreibung;375;g;0.89;€;0.45;;11010
1817;;Polenta nera (aus Maisgriess und Buchweizenmehl), gekocht;Kurzbeschreibung;120;g;0.69;€;0.69;;16200
1305;;Pommes Chips;Kurzbeschreibung;100;g;2.49;€;2.49;;6820
1304;;Pommes Chips fettreduziert;Kurzbeschreibung;250;g;1.99;€;1;;6820
1295;;Pommes Frites (im Ofen gebacken), ungesalzen;Kurzbeschreibung;100;g;1.98;€;1.65;;8670
10682;;Pommes Frites (in HO Sonnenblumenöl fritiert), ungesalzen;Kurzbeschreibung;200;g;3.49;€;6.98;;8670
6648;;Popcorn;Kurzbeschreibung;375;g;3.49;€;5.24;;105460
10498;;Portwein, 18.5 vol%;Kurzbeschreibung;120;g;2.49;€;0.5;;5130
4087;;Poulet, Brust, mit Haut, roh (Frankreich);Kurzbeschreibung;100;g;0.98;€;0.49;;11010
1702;;Poulet, Brust, mit Haut, roh (Schweiz);Kurzbeschreibung;250;g;0.98;€;0.98;;11010
6649;;Poulet, Brust, ohne Haut, roh (Frankreich);Kurzbeschreibung;100;g;0.98;€;0.98;;11010
6650;;Poulet, Brust, ohne Haut, roh (Schweiz);Kurzbeschreibung;200;g;7.99;€;4;;11010
11541;;Poulet, Brust, Schnitzel oder Geschnetzeltes, gebraten (ohne Zusatz von Fett und Salz);Kurzbeschreibung;375;g;1.39;€;1.16;;11010
6651;;Poulet, Brust, Schnitzel, roh;Kurzbeschreibung;120;g;1.49;€;2.98;;11010
5154;;Poulet, ganz, mit Haut, gebraten (ohne Zusatz von Fett und Salz);Kurzbeschreibung;100;g;0.77;€;1.16;;11010
6652;;Poulet, ganz, mit Haut, roh;Kurzbeschreibung;250;g;0.39;€;0.08;;11010
1254;;Poulet, Schenkel, mit Haut, gebraten (ohne Zusatz von Fett und Salz);Kurzbeschreibung;100;ml;1.1;€;0.55;;11010
1255;;Poulet, Schenkel, mit Haut, roh;Kurzbeschreibung;200;ml;1.49;€;1.49;;11010
6653;;Poulet, Schenkel, mit Haut, roh (Frankreich);Kurzbeschreibung;375;g;0.69;€;0.69;;11010
1818;;Poulet, Schenkel, mit Haut, roh (Schweiz);Kurzbeschreibung;120;g;0.69;€;0.35;;11010
6654;;Poulet, Schenkel, ohne Haut, roh (Frankreich);Kurzbeschreibung;100;g;5.99;€;4.99;;11010
6655;;Poulet, Schenkel, ohne Haut, roh (Schweiz);Kurzbeschreibung;250;g;0.99;€;1.98;;11010
6656;;Preiselbeere, roh;Kurzbeschreibung;100;g;0.69;€;1.04;;3780
10717;;Prussien;Kurzbeschreibung;200;ml;1.49;€;0.3;;8690
157;;Pudding, Caramel;Kurzbeschreibung;375;g;0.69;€;0.35;;15100
6657;;Pudding, Schokolade;Kurzbeschreibung;120;g;0.79;€;0.79;;15100
12822;;Pudding, Vanille;Kurzbeschreibung;100;g;0.69;€;0.69;;15100
5155;;Quark, nature, halbfett;Kurzbeschreibung;250;g;1.29;€;0.65;;5800
6658;;Quark, nature, mager;Kurzbeschreibung;100;g;0.69;€;0.58;;5800
1819;;Quark, nature, Rahm;Kurzbeschreibung;200;g;0.69;€;1.38;;5800
6659;;Quarkblätterteig (mit Butter), ungebacken;Kurzbeschreibung;375;g;0.79;€;1.19;;9050
6660;;Quarkblätterteig (mit pflanzlichem Fett), ungebacken;Kurzbeschreibung;120;g;0.89;€;0.18;;9050
6661;;Quiche Lorraine, gebacken (mit Blätterteig);Kurzbeschreibung;100;g;0.69;€;0.35;;14810
6662;;Quiche Lorraine, gebacken (mit Kuchenteig);Kurzbeschreibung;250;g;2.49;€;4.98;;14810
6663;;Quitte, gekocht, abgetropft (ohne Zugabe von Zucker);Kurzbeschreibung;100;g;1.99;€;2.99;;6180
6664;;Quitte, roh;Kurzbeschreibung;200;g;1.98;€;0.4;;3780
5156;;Raclettekäse;Kurzbeschreibung;375;g;3.49;€;1.75;;5550
5157;;Radieschen, roh;Kurzbeschreibung;120;g;1.49;€;1.49;;3500
6665;;Rahm (Durchschnitt);Kurzbeschreibung;100;g;0.69;€;0.69;;520
6666;;Rahmglace, Frucht;Kurzbeschreibung;250;g;0.69;€;0.35;;6950
5158;;Rahmkaramellen;Kurzbeschreibung;100;g;5.99;€;4.99;;9520
5159;;Rande, gedämpft (ohne Zugabe von Salz);Kurzbeschreibung;200;g;0.99;€;1.98;;10040
5160;;Rande, roh;Kurzbeschreibung;375;g;0.69;€;1.04;;3500
5161;;Rapsöl;Kurzbeschreibung;120;g;1.49;€;0.3;;5900
6667;;Rapsöl HOLL (high oleic, low linolenic);Kurzbeschreibung;100;g;0.69;€;0.35;;5900
6668;;Ratatouille, zubereitet;Kurzbeschreibung;250;g;0.79;€;0.79;;10040
5162;;Rauchsalami;Kurzbeschreibung;100;g;0.69;€;0.69;;133450
5163;;Reblochon;Kurzbeschreibung;200;g;1.29;€;0.65;;100520
5164;;Reh (Durchschnitt), roh;Kurzbeschreibung;375;g;0.69;€;0.58;;11170
6669;;Reh, Ragout, roh;Kurzbeschreibung;120;ml;0.69;€;1.38;;11170
6670;;Reh, Schnitzel, roh;Kurzbeschreibung;100;g;0.79;€;1.19;;11170
12044;;Reibkäse;Kurzbeschreibung;250;g;0.89;€;0.18;;5550
12045;;Reis parboiled, gekocht in Salzwasser (unjodiert);Kurzbeschreibung;100;g;0.69;€;0.35;;10660
6671;;Reis parboiled, trocken;Kurzbeschreibung;200;g;2.49;€;2.49;;10660
6672;;Reis poliert, gekocht in Salzwasser (unjodiert);Kurzbeschreibung;375;g;1.99;€;1.99;;10660
12046;;Reis poliert, trocken;Kurzbeschreibung;120;g;1.98;€;0.99;;10660
6673;;Reis unpoliert, gekocht in Salzwasser (unjodiert);Kurzbeschreibung;100;g;3.49;€;2.91;;10660
12047;;Reis unpoliert, trocken;Kurzbeschreibung;250;g;3.49;€;6.98;;10660
6674;;Rettich, roh;Kurzbeschreibung;100;ml;2.49;€;3.74;;3500
6675;;Rhabarber, roh;Kurzbeschreibung;200;ml;0.98;€;0.2;;3780
6676;;Rhabarberkuchen, gebacken (mit Blätterteig);Kurzbeschreibung;375;g;0.98;€;0.49;;14810
199;;Rhabarberkuchen, gebacken (mit Kuchenteig);Kurzbeschreibung;120;g;0.98;€;0.98;;14810
200;;Riesenkürbis, gedämpft (ohne Zugabe von Salz);Kurzbeschreibung;100;g;7.99;€;7.99;;10040
6677;;Riesenkürbis, roh;Kurzbeschreibung;250;g;1.39;€;0.7;;3500
5165;;Rind, Brust, gekocht (ohne Zugabe von Fett und Salz);Kurzbeschreibung;100;g;1.49;€;1.24;;15840
6678;;Rind, Brust, roh;Kurzbeschreibung;200;g;0.77;€;1.54;;15840
6679;;Rind, Eckstück, roh;Kurzbeschreibung;375;g;0.39;€;0.59;;15840
12933;;"Rind, Entrecôte, medium"" gebraten (ohne Zusatz von Fett und Salz)""";Kurzbeschreibung;120;g;1.1;€;0.22;;15840
5166;;Rind, Entrecôte, roh;Kurzbeschreibung;100;g;1.49;€;0.75;;15840
6680;;Rind, Entrecôte, roh (Schweiz);Kurzbeschreibung;250;g;0.69;€;1.38;;15840
12896;;Rind, Entrecôte, roh (USA);Kurzbeschreibung;100;g;0.69;€;1.04;;15840
6681;;"Rind, Filet, medium"" gebraten (ohne Zustatz von Fett und Salz)""";Kurzbeschreibung;200;g;5.99;€;1.2;;15840
6682;;Rind, Filet, roh;Kurzbeschreibung;375;g;0.99;€;0.5;;15840
5167;;Rind, Gehacktes, gebraten (ohne Zusatz von Fett und Salz);Kurzbeschreibung;120;g;0.69;€;0.69;;15840
6683;;Rind, Gehacktes, roh;Kurzbeschreibung;100;g;1.49;€;1.49;;15840
6684;;Rind, Geschnetzeltes, roh;Kurzbeschreibung;250;g;0.69;€;0.35;;15840
1820;;Rind, Hals, roh;Kurzbeschreibung;100;g;0.79;€;0.66;;15840
6685;;Rind, Hohrücken, roh (Schweiz);Kurzbeschreibung;200;g;0.69;€;1.38;;15840
6686;;Rind, Hohrücken, roh (USA);Kurzbeschreibung;375;g;1.29;€;1.94;;15840
6687;;Rind, Leber, roh;Kurzbeschreibung;120;g;0.69;€;0.14;;15840
6688;;Rind, Runder Mocken, roh;Kurzbeschreibung;100;g;0.69;€;0.35;;15840
5168;;"Rind, Schulter, Braten medium"", im Ofen gebraten (ohne Zugabe von Fett und Salz)""";Kurzbeschreibung;250;g;0.79;€;0.79;;15840
6689;;"Rind, Schulter, Braten rare"", im Ofen gebraten (ohne Zugabe von Fett und Salz)""";Kurzbeschreibung;100;g;0.89;€;0.89;;15840
6690;;"Rind, Schulter, Braten well done"", im Ofen gebraten (ohne Zugabe von Fett und Salz)""";Kurzbeschreibung;200;g;0.69;€;0.35;;15840
6691;;Rind, Schulter, Braten, roh;Kurzbeschreibung;375;g;2.49;€;2.08;;15840
6692;;Rind, Siedfleisch, durchzogen,  roh;Kurzbeschreibung;120;g;1.99;€;3.98;;15840
6693;;Rind, Siedfleisch, durchzogen, gekocht (ohne Zusatz von Fett und Salz);Kurzbeschreibung;100;g;1.98;€;2.97;;15840
6694;;Rind, Siedfleisch, mager, gekocht (ohne Zusatz von Fett and Salz);Kurzbeschreibung;250;g;3.49;€;0.7;;15840
5169;;Rind, Siedfleisch, mager, roh;Kurzbeschreibung;100;g;3.49;€;1.75;;15840
5170;;Rind, Voressen, roh;Kurzbeschreibung;200;g;2.49;€;2.49;;15840
5171;;Rind, Zunge, roh;Kurzbeschreibung;375;g;0.98;€;0.98;;15840
6695;;Rindfleisch (Durchschnitt exkl. Innereien, Rippensteak), roh;Kurzbeschreibung;120;g;0.98;€;0.49;;15840
5172;;Rindsragout mit Sauce, zubereitet;Kurzbeschreibung;100;g;0.98;€;0.82;;14800
6696;;Rippli (Nierstück), roh;Kurzbeschreibung;250;ml;7.99;€;15.98;;7790
6697;;Risotto ohne Käse, gekocht;Kurzbeschreibung;100;ml;1.39;€;2.09;;10660
1786;;Ristretto crème, ungezuckert;Kurzbeschreibung;200;ml;1.49;€;0.3;;11890
11234;;Riz Casimir mit Kalbfleisch, zubereitet;Kurzbeschreibung;375;g;0.77;€;0.39;;14800
11196;;Riz Casimir mit Poulet, zubereitet;Kurzbeschreibung;120;g;0.39;€;0.39;;14800
3300;;Roggenbrot mit Sauerteig;Kurzbeschreibung;100;g;1.1;€;1.1;;12690
11427;;Roggenmehl, halbweiss, Typ 815;Kurzbeschreibung;100;g;1.49;€;0.75;;4210
11852;;Roggenmehl, Ruch, Typ 1050;Kurzbeschreibung;200;g;0.69;€;0.58;;4210
4845;;Roggenmehl, Vollkorn, Schrot, Typ 1800;Kurzbeschreibung;375;g;0.69;€;1.38;;4210
11853;;Roggenschrotbrot;Kurzbeschreibung;120;g;5.99;€;8.99;;12690
10969;;Rohessspeck;Kurzbeschreibung;100;g;0.99;€;0.2;;133450
10853;;Rohpökelwaren (Durchschnitt);Kurzbeschreibung;250;g;0.69;€;0.35;;133450
10884;;Rohschinken;Kurzbeschreibung;100;g;1.49;€;1.49;;133450
10882;;Rohwürste mit abgebrochener Reifung (Durchschnitt);Kurzbeschreibung;200;g;0.69;€;0.35;;133450
11348;;Rohwürste/Dauerwürste (Durchschnitt);Kurzbeschreibung;375;g;0.79;€;0.66;;133450
11642;;Rollgerste;Kurzbeschreibung;120;g;0.69;€;1.38;;8500
3767;;Rollmops;Kurzbeschreibung;100;g;1.29;€;1.94;;8060
11972;;Rollschinken;Kurzbeschreibung;250;g;0.69;€;0.14;;7790
3766;;Rollschinken, gekocht (ohne Zusatz von Fett und Salz);Kurzbeschreibung;100;g;0.69;€;0.35;;133340
3636;;Roquefort;Kurzbeschreibung;200;g;0.79;€;0.79;;5550
11736;;Rosenkohl, gedämpft (ohne Zugabe von Salz);Kurzbeschreibung;375;g;0.89;€;0.89;;10040
3252;;Rosenkohl, roh;Kurzbeschreibung;120;g;0.69;€;0.35;;3500
11212;;Rosine, getrocknet;Kurzbeschreibung;100;g;2.49;€;2.08;;4360
11180;;Rosmarin, roh;Kurzbeschreibung;250;g;1.99;€;3.98;;4650
11253;;Rösti, Fertigprodukt;Kurzbeschreibung;100;g;1.98;€;2.97;;8670
320;;Rotkohl, gedünstet (ohne Zugabe von Fett und Salz);Kurzbeschreibung;200;g;3.49;€;0.7;;10040
11737;;Rotkohl, roh;Kurzbeschreibung;375;g;3.49;€;1.75;;3500
3516;;Ruchbrot;Kurzbeschreibung;120;g;2.49;€;4.98;;12690
3044;;Rucola, roh;Kurzbeschreibung;100;g;0.98;€;1.47;;3500
11296;;Rüeblitorte;Kurzbeschreibung;250;g;0.98;€;0.2;;8780
11297;;Rührei mit Champignons, zubereitet;Kurzbeschreibung;100;g;0.98;€;0.49;;14800
11967;;Rührei mit Käse, zubereitet;Kurzbeschreibung;200;g;7.99;€;7.99;;14800
4214;;Rührei mit Kräutern, zubereitet;Kurzbeschreibung;375;g;1.39;€;1.39;;14800
11013;;Rührei mit Schinken, zubereitet;Kurzbeschreibung;120;g;1.49;€;0.75;;14800
10896;;Rührei, zubereitet;Kurzbeschreibung;100;ml;0.77;€;0.64;;14800
3470;;"Rührteigcake Gleichschwer""""";Kurzbeschreibung;250;g;0.39;€;0.78;;8780
4443;;Russischer Salat, zubereitet;Kurzbeschreibung;100;ml;1.1;€;1.65;;15740
3659;;Sablé, Butter;Kurzbeschreibung;200;g;1.49;€;0.3;;8690
11738;;Salametti;Kurzbeschreibung;375;g;0.69;€;0.35;;133450
11178;;Salami (Billiglinie);Kurzbeschreibung;120;g;0.69;€;0.69;;133450
316;;Salami Typ Nostrano;Kurzbeschreibung;100;g;5.99;€;5.99;;133450
4719;;Salatsauce französisch (mit Rapsöl);Kurzbeschreibung;250;g;0.99;€;0.5;;12000
4552;;Salatsauce italienisch (mit Olivenöl);Kurzbeschreibung;100;g;0.69;€;0.58;;12000
1456;;Salbei, roh;Kurzbeschreibung;200;g;1.49;€;2.98;;4650
4553;;Salsiz;Kurzbeschreibung;375;g;0.69;€;1.04;;133450
4695;;Saltimbocca, gebraten in HOLL-Rapsöl;Kurzbeschreibung;120;g;0.79;€;0.16;;16500
4989;;Samen, Kerne, Nüsse (Durchschnitt), ungesalzen;Kurzbeschreibung;100;g;0.69;€;0.35;;2710
12048;;Samosa frittiert;Kurzbeschreibung;250;g;1.29;€;1.29;;15780
11278;;Samosa gebacken;Kurzbeschreibung;100;ml;0.69;€;0.69;;15780
11493;;Sandwich (Baguette) mit Aufschnitt;Kurzbeschreibung;200;ml;0.69;€;0.35;;15730
3205;;Sandwich (Baguette) mit Fleischkäse;Kurzbeschreibung;375;g;0.79;€;0.66;;15730
4339;;Sandwich (Baguette) mit Halbhartkäse;Kurzbeschreibung;120;g;0.89;€;1.78;;15730
3734;;Sandwich (Baguette) mit Mozzarella;Kurzbeschreibung;100;g;0.69;€;1.04;;15730
11346;;Sandwich (Baguette) mit Rohschinken;Kurzbeschreibung;250;g;2.49;€;0.5;;15730
11169;;Sandwich (Baguette) mit Salami;Kurzbeschreibung;100;g;1.99;€;1;;15730
4769;;Sandwich (Baguette) mit Schinken;Kurzbeschreibung;200;g;1.98;€;1.98;;15730
4768;;Sandwich (Baguette) mit Trockenfleisch;Kurzbeschreibung;375;g;3.49;€;3.49;;15730
11274;;Sandwich (Baguette) mit Weichkäse;Kurzbeschreibung;120;g;3.49;€;1.75;;15730
11132;;Sandwich (Ruchbrot) mit Aufschnitt;Kurzbeschreibung;100;g;2.49;€;2.08;;15730
3214;;Sandwich (Ruchbrot) mit Fleischkäse;Kurzbeschreibung;100;g;0.98;€;1.96;;15730
11739;;Sandwich (Ruchbrot) mit Halbhartkäse;Kurzbeschreibung;200;g;0.98;€;1.47;;15730
3394;;Sandwich (Ruchbrot) mit Mozzarella;Kurzbeschreibung;375;g;0.98;€;0.2;;15730
3666;;Sandwich (Ruchbrot) mit Rohschinken;Kurzbeschreibung;120;g;7.99;€;4;;15730
3459;;Sandwich (Ruchbrot) mit Salami;Kurzbeschreibung;100;g;1.39;€;2.78;;15730
3434;;Sandwich (Ruchbrot) mit Schinken;Kurzbeschreibung;250;g;1.49;€;2.24;;15730
3115;;Sandwich (Ruchbrot) mit Trockenfleisch;Kurzbeschreibung;100;g;0.77;€;0.15;;15730
11037;;Sandwich (Ruchbrot) mit Weichkäse;Kurzbeschreibung;200;g;0.39;€;0.2;;15730
3575;;Sardelle im Öl, abgetropft;Kurzbeschreibung;375;g;1.49;€;1.49;;133510
11281;;Sardellenpaste;Kurzbeschreibung;120;g;0.69;€;0.69;;105330
11349;;Sardine im Öl, abgetropft;Kurzbeschreibung;100;g;0.69;€;0.35;;133510
11370;;Sardine, roh;Kurzbeschreibung;250;g;5.99;€;4.99;;133510
11096;;Saucisse aux choux;Kurzbeschreibung;100;g;0.99;€;1.98;;133450
3546;;Saucisson;Kurzbeschreibung;200;g;0.69;€;1.04;;133450
2829;;Saucisson vaudois;Kurzbeschreibung;375;g;1.49;€;0.3;;133450
11230;;Saucisson, gekocht (ohne Zusatz von Fett und Salz);Kurzbeschreibung;120;g;0.69;€;0.35;;133450
11016;;Sauerkraut, in Essig eingelegt;Kurzbeschreibung;100;g;0.79;€;0.79;;10040
2976;;Sauerrahm;Kurzbeschreibung;250;g;0.69;€;0.69;;520
11428;;Saurer Halbrahm;Kurzbeschreibung;100;g;1.29;€;0.65;;520
4898;;Sbrinz;Kurzbeschreibung;200;g;0.69;€;0.58;;5550
12049;;Scampi (Kaisergranat), roh;Kurzbeschreibung;375;g;0.69;€;1.38;;14980
11127;;Schafmilch, roh;Kurzbeschreibung;120;g;0.79;€;1.19;;5270
2987;;Schaumwein;Kurzbeschreibung;100;g;0.89;€;0.18;;5130
11340;;Schmelzkäse, Scheibe, Rahm;Kurzbeschreibung;250;g;0.69;€;0.35;;5640
11254;;Schmelzkäse, Scheibe, viertelfett;Kurzbeschreibung;100;g;2.49;€;2.49;;5640
11213;;Schmelzkäse, Scheibe, vollfett;Kurzbeschreibung;200;g;1.99;€;1.99;;5640
11162;;Schmelzkäse, streichfähig, Rahm;Kurzbeschreibung;375;g;1.98;€;0.99;;5640
3313;;Schmelzkäse, streichfähig, viertelfett;Kurzbeschreibung;120;g;3.49;€;2.91;;5640
2807;;Schmelzkäse, streichfähig, vollfett;Kurzbeschreibung;100;g;3.49;€;6.98;;5640
11097;;Schnittlauch, roh;Kurzbeschreibung;250;g;2.49;€;3.74;;4650
11291;;Schnitzelbrot mit Cocktailsauce;Kurzbeschreibung;100;g;0.98;€;0.2;;15730
11323;;Schnitzelbrot mit Tartarsauce;Kurzbeschreibung;200;g;0.98;€;0.49;;15730
12385;;Schokolade, dunkel (bitter);Kurzbeschreibung;375;g;0.98;€;0.98;;6430
2726;;Schokolade, weiss;Kurzbeschreibung;120;g;7.99;€;7.99;;6430
11307;;Schokoladencrème;Kurzbeschreibung;100;g;1.39;€;0.7;;15100
11324;;Schokoladengugelhopf;Kurzbeschreibung;250;g;1.49;€;1.24;;8780
11325;;Schokoladenpulver;Kurzbeschreibung;100;g;0.77;€;1.54;;5830
11239;;Scholle, roh;Kurzbeschreibung;200;g;0.39;€;0.59;;133510
11163;;Schützenwurst;Kurzbeschreibung;375;g;1.1;€;0.22;;103540
11204;;Schwarzwälder Kirschtorte;Kurzbeschreibung;120;g;1.49;€;0.75;;8780
11170;;Schwarzwurzel, gedämpft (ohne Zugabe von Salz);Kurzbeschreibung;100;g;0.69;€;1.38;;10040
11517;;Schwarzwurzel, roh;Kurzbeschreibung;250;g;0.69;€;1.04;;3500
2902;;Schwein, Brustspitz, roh;Kurzbeschreibung;100;g;5.99;€;1.2;;16510
10850;;Schwein, Eckstück, Plätzli, gebraten (ohne Zusatz von Fett und Salz);Kurzbeschreibung;200;g;0.99;€;0.5;;16510
11287;;Schwein, Eckstück, roh;Kurzbeschreibung;375;g;0.69;€;0.69;;16510
11189;;Schwein, Filet, gebraten (ohne Zusatz von Fett und Salz);Kurzbeschreibung;120;g;1.49;€;1.49;;16510
4900;;Schwein, Filet, roh;Kurzbeschreibung;100;g;0.69;€;0.35;;16510
11643;;Schwein, Gehacktes, roh;Kurzbeschreibung;250;g;0.79;€;0.66;;16510
4526;;Schwein, Geschnetzeltes, gebraten (ohne Zusatz von Fett und Salz);Kurzbeschreibung;100;ml;0.69;€;1.38;;16510
12262;;Schwein, Geschnetzeltes, roh;Kurzbeschreibung;200;g;1.29;€;1.94;;16510
3683;;Schwein, Hals, Steak, gebraten (ohne Zusatz von Fett und Salz);Kurzbeschreibung;375;g;0.69;€;0.14;;16510
11740;;Schwein, Hals, Steak, roh;Kurzbeschreibung;120;g;0.69;€;0.35;;16510
3699;;Schwein, Haxe, geschmort (ohne zusatz von Fett und Salz);Kurzbeschreibung;100;g;0.79;€;0.79;;16510
11219;;Schwein, Haxe, roh;Kurzbeschreibung;100;ml;0.89;€;0.89;;16510
11696;;Schwein, Kotelett, gebraten (ohne Zusatz von Fett und Salz);Kurzbeschreibung;200;ml;0.69;€;0.35;;16510
3078;;Schwein, Kotelett, roh;Kurzbeschreibung;375;g;2.49;€;2.08;;16510
3979;;Schwein, Leber, roh;Kurzbeschreibung;120;g;1.99;€;3.98;;16510
11741;;Schwein, Nierstück, roh;Kurzbeschreibung;100;g;1.98;€;2.97;;16510
11231;;Schwein, Runder Mocken, roh;Kurzbeschreibung;250;g;3.49;€;0.7;;16510
11742;;"Schwein, Schulter, Braten medium"", im Ofen gebraten (ohne Zugabe von Fett und Salz)""";Kurzbeschreibung;100;g;3.49;€;1.75;;16510
11266;;"Schwein, Schulter, Braten well done"", im Ofen gebraten (ohne Zugabe von Fett und Salz)""";Kurzbeschreibung;200;g;2.49;€;2.49;;16510
11854;;Schwein, Schulter, Braten, roh;Kurzbeschreibung;375;g;0.98;€;0.98;;16510
4251;;Schwein, Voressen, roh;Kurzbeschreibung;120;g;0.98;€;0.49;;16510
4027;;Schweinefleisch (Durchschnitt exkl. Innereien, Kotelett, Haxe), roh;Kurzbeschreibung;100;g;0.98;€;0.82;;16510
3590;;Schweineschmalz;Kurzbeschreibung;250;g;7.99;€;15.98;;6020
3016;;Schweinsbratwurst;Kurzbeschreibung;100;g;1.39;€;2.09;;103540
4101;;Schweinspiccata, zubereitet;Kurzbeschreibung;200;g;1.49;€;0.3;;14800
11743;;Schweinsragout mit Sauce, zubereitet;Kurzbeschreibung;375;g;0.77;€;0.39;;14800
11148;;Schweinswurst;Kurzbeschreibung;120;g;0.39;€;0.39;;103540
3279;;Schweizer Salami, Schweine- und Rindfleisch;Kurzbeschreibung;100;g;1.1;€;1.1;;133450
11322;;Seehecht, roh;Kurzbeschreibung;250;g;1.49;€;0.75;;133510
2609;;Seelachs, roh;Kurzbeschreibung;100;g;0.69;€;0.58;;133510
11744;;Seezunge, roh;Kurzbeschreibung;200;g;0.69;€;1.38;;133510
11745;;Sellerie-Piccata, zubereitet;Kurzbeschreibung;375;g;5.99;€;8.99;;14800
11226;;Selleriescheiben, paniert, zubereitet;Kurzbeschreibung;120;g;0.99;€;0.2;;10040
3200;;Semmeli;Kurzbeschreibung;100;g;0.69;€;0.35;;12690
2743;;Sesamsamen ungeschält;Kurzbeschreibung;250;g;1.49;€;1.49;;2710
2694;;Sherry, 18.5 vol%;Kurzbeschreibung;100;g;0.69;€;0.35;;5130
2823;;Siedfleischsalat, zubereitet;Kurzbeschreibung;200;g;0.79;€;0.66;;15740
2727;;Silberzwiebel, in Essig eingelegt;Kurzbeschreibung;375;g;0.69;€;1.38;;10040
2714;;Sirup unverdünnt;Kurzbeschreibung;120;g;1.29;€;1.94;;5700
11240;;Sirup zubereitet (verdünnt im Verhältnis 1:5.5);Kurzbeschreibung;100;g;0.69;€;0.14;;4990
11149;;Soja Drink, nature;Kurzbeschreibung;250;g;0.69;€;0.35;;730
2756;;Sojabohne, gekocht (ohne Zugabe von Fett und Salz);Kurzbeschreibung;100;g;0.79;€;0.79;;133890
3119;;Sojabohne, getrocknet;Kurzbeschreibung;200;g;0.89;€;0.89;;133890
11973;;Sojamehl, entfettet;Kurzbeschreibung;375;g;0.69;€;0.35;;4210
2690;;Sojamehl, vollfett;Kurzbeschreibung;120;g;2.49;€;2.08;;4210
3086;;Sojaöl;Kurzbeschreibung;100;g;1.99;€;3.98;;5900
3181;;Sojasprossen, roh;Kurzbeschreibung;250;g;1.98;€;2.97;;4670
3084;;Sonnenblumenkerne;Kurzbeschreibung;100;g;3.49;€;0.7;;2710
3093;;Sonnenblumenöl;Kurzbeschreibung;200;g;3.49;€;1.75;;5900
11241;;Sonnenblumenöl HO (high oleic), raffiniert;Kurzbeschreibung;375;g;2.49;€;4.98;;5900
4920;;Sorbet, Frucht;Kurzbeschreibung;120;ml;0.98;€;1.47;;8930
4094;;Spargel, gedämpft (ohne Zugabe von Salz);Kurzbeschreibung;100;g;0.98;€;0.2;;10040
3155;;Spargel, roh;Kurzbeschreibung;250;g;0.98;€;0.49;;3500
3022;;Spinat, gedämpft (ohne Zugabe von Salz);Kurzbeschreibung;100;g;7.99;€;7.99;;10040
11350;;Spinat, roh;Kurzbeschreibung;200;g;1.39;€;1.39;;3500
2925;;Spinatkuchen, gebacken (mit Blätterteig);Kurzbeschreibung;375;g;1.49;€;0.75;;14810
11232;;Spinatkuchen, gebacken (mit Kuchenteig);Kurzbeschreibung;120;g;0.77;€;0.64;;14810
2825;;Spirituosen 40 vol% (z.B. Brandy, Gin);Kurzbeschreibung;100;g;0.39;€;0.78;;5190
3232;;Spitzbube (Mürbeteiggebäck mit Konfitüre);Kurzbeschreibung;250;g;1.1;€;1.65;;8520
11319;;St. Galler Bürli (halbweiss);Kurzbeschreibung;100;g;1.49;€;0.3;;12690
3414;;St. Galler Schüblig;Kurzbeschreibung;200;g;0.69;€;0.35;;103540
3149;;St. Paulin;Kurzbeschreibung;375;g;0.69;€;0.69;;5550
3231;;Stachelbeere, roh;Kurzbeschreibung;120;g;5.99;€;5.99;;3780
3204;;Stangensellerie, gedämpft (ohne Zugabe von Salz);Kurzbeschreibung;100;g;0.99;€;0.5;;10040
11276;;Stangensellerie, roh;Kurzbeschreibung;250;g;0.69;€;0.58;;3500
3217;;Steinpilz, gedünstet (ohne Zugabe von Fett und Salz);Kurzbeschreibung;100;g;1.49;€;2.98;;6300
3087;;Steinpilz, roh;Kurzbeschreibung;200;g;0.69;€;1.04;;6300
3293;;Surimi;Kurzbeschreibung;375;g;0.79;€;0.16;;8060
11697;;Taboulé, zubereitet (mit Bulgur);Kurzbeschreibung;120;ml;0.69;€;0.35;;15740
3170;;Taboulé, zubereitet (mit Couscous);Kurzbeschreibung;100;g;1.29;€;1.29;;15740
11746;;Tartarsauce, selbst zubereitet mit Rapsöl-Mayonnaise;Kurzbeschreibung;250;g;0.69;€;0.69;;129820
3278;;Tee, ungezuckert;Kurzbeschreibung;100;g;0.69;€;0.35;;8060
3101;;Teigwaren mit Ei, gekocht im Salzwasser (unjodiert);Kurzbeschreibung;200;g;0.79;€;0.66;;10630
11257;;Teigwaren mit Ei, trocken;Kurzbeschreibung;375;ml;0.89;€;1.78;;10630
3431;;Teigwaren ohne Ei, gekocht im Salzwasser (unjodiert);Kurzbeschreibung;120;g;0.69;€;1.04;;10630
3014;;Teigwaren ohne Ei, trocken;Kurzbeschreibung;100;g;2.49;€;0.5;;10630
11284;;Teigwaren ohne Ei, Vollkorn, gekocht im Salzwasser (unjodiert);Kurzbeschreibung;250;g;1.99;€;1;;10630
11160;;Teigwaren ohne Ei, Vollkorn, trocken;Kurzbeschreibung;100;g;1.98;€;1.98;;10630
11514;;Teigwarenauflauf mit Schinken, zubereitet;Kurzbeschreibung;200;g;3.49;€;3.49;;14810
12153;;Teigwarensalat mit französischer Sauce;Kurzbeschreibung;375;g;3.49;€;1.75;;15740
11644;;Teigwarensalat mit italienischer Sauce;Kurzbeschreibung;120;g;1.49;€;1.24;;15740
3754;;Teilentrahmte Milch, pasteurisiert;Kurzbeschreibung;100;g;0.69;€;1.38;;5270
10943;;Teilentrahmte Milch, UHT;Kurzbeschreibung;250;g;0.69;€;1.04;;5270
11258;;Tessinerbrot;Kurzbeschreibung;100;ml;5.99;€;1.2;;12690
11855;;Tête de Moine;Kurzbeschreibung;200;g;0.99;€;0.5;;5550
11856;;Thon im Öl, abgetropft;Kurzbeschreibung;375;g;0.69;€;1.38;;133510
11857;;Thon im Wasser, abgetropft;Kurzbeschreibung;120;g;1.49;€;2.24;;133510
4705;;Thonsalat an Essig-Öl-Sauce (aus Thon im Wasser);Kurzbeschreibung;100;g;0.69;€;0.14;;15740
4706;;Thunfisch, roh;Kurzbeschreibung;250;g;0.79;€;0.4;;133510
11248;;Thymian, roh;Kurzbeschreibung;100;g;0.69;€;0.69;;4650
4694;;Tilsiter, pasteurisiert, vollfett;Kurzbeschreibung;200;g;1.29;€;1.29;;5550
11286;;Tilsiter, Rohmilch, vollfett;Kurzbeschreibung;375;g;0.69;€;0.35;;5550
2849;;Tirolercake;Kurzbeschreibung;120;ml;0.69;€;0.58;;8780
3140;;Toastbrot mit Butter;Kurzbeschreibung;100;g;0.79;€;1.58;;12690
11378;;Toastbrot mit Pflanzenölen;Kurzbeschreibung;250;g;0.89;€;1.34;;12690
11308;;Tofu;Kurzbeschreibung;100;g;0.69;€;0.14;;4900
11309;;Tomate, gedünstet (ohne Zugabe von Fett und Salz);Kurzbeschreibung;200;g;2.49;€;1.25;;10040
11747;;Tomate, geschält (Konserve);Kurzbeschreibung;375;g;1.99;€;1.99;;10040
11161;;Tomate, roh;Kurzbeschreibung;120;g;1.98;€;1.98;;3500
4370;;Tomatenkuchen, gebacken (mit Blätterteig);Kurzbeschreibung;100;g;3.49;€;1.75;;14810
2870;;Tomatenkuchen, gebacken (mit Kuchenteig);Kurzbeschreibung;250;g;3.49;€;2.91;;14810
3847;;Tomatenpüree;Kurzbeschreibung;100;g;2.49;€;4.98;;10040
4046;;Tomatensaft;Kurzbeschreibung;200;g;0.98;€;1.47;;5680
3817;;Tomatensauce;Kurzbeschreibung;375;g;0.98;€;0.2;;129820
3682;;Tomatensuppe;Kurzbeschreibung;120;g;0.98;€;0.49;;6690
4044;;Tomme;Kurzbeschreibung;100;g;7.99;€;7.99;;100520
4051;;Traube, roh;Kurzbeschreibung;250;g;1.39;€;1.39;;3780
3662;;Traubenkernöl;Kurzbeschreibung;100;g;1.49;€;0.75;;5900
3964;;Traubensaft;Kurzbeschreibung;200;g;0.77;€;0.64;;5700
3733;;Traubenzucker;Kurzbeschreibung;375;g;0.39;€;0.78;;105370
3457;;Trinkwasser (Mittelwert Schweiz);Kurzbeschreibung;120;g;1.1;€;1.65;;480
3159;;Trockenfleisch;Kurzbeschreibung;100;g;1.49;€;0.3;;133450
11698;;Truthahn, Brust, Schnitzel oder Geschnetzeltes, grebraten (ohne Zusatz von Fett und Salz);Kurzbeschreibung;250;ml;0.69;€;0.35;;11010
4386;;Truthahn, Brust, Schnitzel oder Geschnetzeltes, roh;Kurzbeschreibung;100;g;0.69;€;0.69;;11010
11318;;Vacherin Mont d'Or;Kurzbeschreibung;200;g;5.99;€;5.99;;100520
4431;;Vanillecrème, gekocht;Kurzbeschreibung;100;g;0.99;€;0.5;;15100
4548;;Vinaigrette (mit Rapsöl);Kurzbeschreibung;200;g;0.69;€;0.58;;12000
12050;;Vitello tonnato mit Garnitur;Kurzbeschreibung;375;g;1.49;€;2.98;;16500
11858;;Vitello tonnato ohne Garnitur;Kurzbeschreibung;120;g;0.69;€;1.04;;16500
11445;;Vollkornreiswaffel;Kurzbeschreibung;100;g;0.79;€;0.16;;9190
3036;;Vollmilch, pasteurisiert;Kurzbeschreibung;250;g;0.69;€;0.35;;5270
3851;;Vollmilch, UHT;Kurzbeschreibung;100;g;1.29;€;2.58;;5270
2571;;Vollmilchpulver;Kurzbeschreibung;200;g;0.69;€;1.04;;5270
11748;;Vollrahm, pasteurisiert;Kurzbeschreibung;375;g;0.69;€;0.14;;520
3606;;Vollrahm, UHT;Kurzbeschreibung;120;g;0.79;€;0.4;;520
2725;;Vorderschinken;Kurzbeschreibung;100;g;0.89;€;0.89;;7790
4890;;Vorzugsbutter;Kurzbeschreibung;250;g;0.69;€;0.69;;520
3574;;Walliser Roggenbrot;Kurzbeschreibung;100;g;2.49;€;1.25;;12690
3677;;Wasabi Paste;Kurzbeschreibung;200;g;1.99;€;1.66;;129820
3686;;Wassereis;Kurzbeschreibung;375;g;1.98;€;3.96;;8930
11475;;Wassermelone, roh;Kurzbeschreibung;120;g;3.49;€;5.24;;3780
11396;;Weichkaramellen, Bonbons;Kurzbeschreibung;100;g;3.49;€;0.7;;9520
11447;;Weichkäse (Durchschnitt ohne fettreduzierte Varianten);Kurzbeschreibung;250;g;2.49;€;1.25;;100520
11749;;Weichkäse, Doppelrahm;Kurzbeschreibung;100;g;0.98;€;0.98;;100520
11306;;Wein rot, 12 vol%;Kurzbeschreibung;200;g;0.98;€;0.98;;5130
11320;;Wein rot, 13.5 vol%;Kurzbeschreibung;375;g;0.98;€;0.49;;5130
11494;;Wein rot, 9 vol%;Kurzbeschreibung;120;ml;7.99;€;6.66;;5130
4640;;Wein weiss, 11 vol%;Kurzbeschreibung;100;g;1.39;€;2.78;;5130
4238;;Wein weiss, 12.5 vol%;Kurzbeschreibung;250;g;1.49;€;2.24;;5130
10880;;Wein weiss, gespritzt, sauer;Kurzbeschreibung;100;g;0.77;€;0.15;;5130
12154;;Wein weiss, gespritzt, süss;Kurzbeschreibung;100;g;0.39;€;0.2;;5130
10854;;Weissbrot;Kurzbeschreibung;200;g;1.1;€;1.1;;12690
10994;;Weisskohl, gedämpft (ohne Zugabe von Salz);Kurzbeschreibung;375;g;1.49;€;1.49;;10040
10953;;Weisskohl, gedünstet (ohne Zugabe von Fett und Salz);Kurzbeschreibung;120;g;0.69;€;0.35;;10040
10954;;Weisskohl, roh;Kurzbeschreibung;100;g;0.69;€;0.58;;3500
10974;;Weisswurst;Kurzbeschreibung;250;g;5.99;€;11.98;;103540
11699;;Weizen (Weichweizen), ganzes Korn;Kurzbeschreibung;100;ml;0.99;€;1.49;;8500
11700;;Weizenflocken, Vollkorn;Kurzbeschreibung;200;ml;0.69;€;0.14;;7400
12386;;Weizenkeime;Kurzbeschreibung;375;g;1.49;€;0.75;;4320
12512;;Weizenkeimöl;Kurzbeschreibung;120;g;0.69;€;0.69;;5900
3331;;Weizenkleie;Kurzbeschreibung;100;g;0.79;€;0.79;;7400
11091;;Weizenmehl (Backmehl), Typ 550;Kurzbeschreibung;250;g;0.69;€;0.35;;4210
2990;;Weizenmehl, halbweiss, Typ 720;Kurzbeschreibung;100;g;1.29;€;1.08;;4210
10927;;Weizenmehl, Ruch, Typ 1100;Kurzbeschreibung;200;g;0.69;€;1.38;;4210
4210;;Weizenmehl, Vollkorn, Typ 1700;Kurzbeschreibung;375;g;0.69;€;1.04;;4210
4260;;Weizenmehl, weiss, Typ 400;Kurzbeschreibung;120;g;0.79;€;0.16;;4210
11150;;Weizenotto, gekocht;Kurzbeschreibung;100;g;0.89;€;0.45;;14800
5015;;Weizenstärke;Kurzbeschreibung;250;ml;0.69;€;0.35;;105340
4995;;Weizenvollkornbrot;Kurzbeschreibung;100;ml;2.49;€;2.08;;12690
10886;;Wermut, 15 vol%;Kurzbeschreibung;200;ml;1.99;€;3.98;;5130
12165;;Wienerli;Kurzbeschreibung;375;g;1.98;€;2.97;;103540
11495;;Wienerli, gekocht;Kurzbeschreibung;120;ml;3.49;€;0.7;;103540
4967;;Wildfleisch (Durchschnitt), gekocht (ohne Zusatz von Fett und Salz);Kurzbeschreibung;100;g;3.49;€;1.75;;11170
4048;;Wildfleisch (Durchschnitt), roh;Kurzbeschreibung;250;g;2.49;€;2.49;;11170
11049;;Wildfleischterrine;Kurzbeschreibung;100;g;0.98;€;0.98;;11170
3641;;Wildschwein (Durchschnitt), roh;Kurzbeschreibung;200;g;0.98;€;0.49;;11170
4067;;Wirz, gedämpft (ohne Zugabe von Salz);Kurzbeschreibung;375;g;0.98;€;0.82;;10040
3698;;Wirz, roh;Kurzbeschreibung;120;g;7.99;€;15.98;;3500
3578;;Wurst-Käse-Salat, zubereitet;Kurzbeschreibung;100;g;1.39;€;2.09;;15740
3857;;Wurstsalat, zubereitet;Kurzbeschreibung;250;g;1.49;€;0.3;;15740
11082;;Wurzel- und Knollengemüse (Durchschnitt), gedämpft (ohne Zugabe von Salz);Kurzbeschreibung;100;g;0.77;€;0.39;;10040
3665;;Wurzel- und Knollengemüse (Durchschnitt), gedünstet (ohne Zugabe von Fett und Salz);Kurzbeschreibung;200;g;0.39;€;0.39;;10040
3566;;Wurzel- und Knollengemüse (Durchschnitt), gekocht (ohne Zugabe von Fett und Salz);Kurzbeschreibung;375;g;1.1;€;1.1;;10040
3687;;Wurzel- und Knollengemüse (Durchschnitt), roh;Kurzbeschreibung;120;g;1.49;€;0.75;;3500
3907;;Zampone;Kurzbeschreibung;100;g;0.69;€;0.58;;16510
3581;;Ziege (Durchschnitt), roh;Kurzbeschreibung;250;g;0.69;€;1.38;;4870
3726;;Ziegenmilch;Kurzbeschreibung;100;g;5.99;€;8.99;;5270
3565;;Ziger weiss;Kurzbeschreibung;200;g;0.99;€;0.2;;5800
11280;;Zimtstern;Kurzbeschreibung;375;g;0.69;€;0.35;;8690
11260;;Zitrone, roh;Kurzbeschreibung;120;g;1.49;€;1.49;;3780
2575;;Zitronensaft;Kurzbeschreibung;100;g;0.69;€;0.69;;5700
3572;;Zitrusfrüchte (Durchschnitt), roh;Kurzbeschreibung;250;g;0.79;€;0.4;;3780
3165;;Zucchetti-Piccata, zubereitet;Kurzbeschreibung;100;g;0.69;€;0.58;;14800
2706;;Zucchetti, gedünstet (ohne Zugabe von Fett und Salz);Kurzbeschreibung;200;g;1.29;€;2.58;;10040
11171;;Zucchetti, roh;Kurzbeschreibung;375;g;0.69;€;1.04;;3500
2974;;Zucchettischeiben, paniert, zubereitet;Kurzbeschreibung;120;g;0.69;€;0.14;;14800
3218;;Zucker, braun;Kurzbeschreibung;100;g;0.79;€;0.4;;105370
4100;;Zucker, weiss;Kurzbeschreibung;250;g;0.89;€;0.18;;105370
11190;;Zuckerhutsalat, roh;Kurzbeschreibung;100;g;0.69;€;0.35;;3500
11119;;Zuckermais (Konserve);Kurzbeschreibung;200;g;2.49;€;2.49;;10040
3401;;Zuckermais (Konserve), aufgewärmt (ohne Zugabe von Salz);Kurzbeschreibung;375;g;1.99;€;1.99;;10040
3142;;Zuger Kirschtorte;Kurzbeschreibung;120;g;1.98;€;0.99;;8780
11288;;Zunge (Durchschnitt aus Kalb und Rind), roh;Kurzbeschreibung;100;g;3.49;€;2.91;;15840
3680;;Zwetschge, gedünstet, abgetropft (ohne Zugabe von Zucker);Kurzbeschreibung;250;g;3.49;€;6.98;;6180
3681;;Zwetschge, roh;Kurzbeschreibung;100;g;2.49;€;3.74;;3780
3419;;Zwetschgenkuchen, gebacken (mit Blätterteig);Kurzbeschreibung;200;g;0.98;€;0.2;;14810
11075;;Zwetschgenkuchen, gebacken (mit Kuchenteig);Kurzbeschreibung;375;g;0.98;€;0.49;;14810
2958;;Zwieback;Kurzbeschreibung;100;g;0.98;€;0.98;;9190
11242;;Zwieback, Vollkorn;Kurzbeschreibung;200;g;7.99;€;7.99;;9190
3796;;Zwiebel, gedünstet (ohne Zugabe von Fett und Salz);Kurzbeschreibung;375;g;1.39;€;0.7;;10040
10993;;Zwiebel, geröstet (ohne Zugabe von Fett und Salz);Kurzbeschreibung;120;g;1.49;€;1.24;;10040
3169;;Zwiebel, roh;Kurzbeschreibung;100;g;0.77;€;1.54;;3500
2818;;Zwiebelkuchen, gebacken (mit Blätterteig);Kurzbeschreibung;250;g;0.39;€;0.59;;14810
2597;;Zwiebelkuchen, gebacken (mit Kuchenteig);Kurzbeschreibung;200;g;1.1;€;0.22;;14810
10001;0000000001;H-Milch 1,5% 1l;H-fettarme Milch, 1,5% Fett, ultrahocherhitzt, homogenisiert;1;l;0,61;€;0,61;;5270
10002;0000000002;Bio H-Vollmilch 3,8% 1l;Bio H-Vollmilch, 3,8% Fett, ultrahocherhitzt, homogenisiert;1;l;1,09;€;1,09;;5270
10003;4062800000990;MinusL haltbare Milch laktosefrei 1,5% 1l;fettarme H-Milch, 1,5 % Fett, ultrahocherhitzt, homogenisiert;1;l;0,99;€;0,99;;5270
10004;4008452027589;Weihenstephan H-Milch 1,5% 1l;Erleben Sie unseren einzigartig-frischen Geschmack: Machen Sie keine Kompromisse! Denn bei Weihenstephan ist frischer Geschmack trotz langer Haltbarkeit kein Widerspruch mehr. Durch unsere besonders qualitätsschonende Erwärmung können wir die Hitzebelastung gegenüber herkömmlichen Verfahren um 80% reduzieren. ;1;l;1,29;€;1,29;;5270
10005;4007929053861;Milram H-Milch 3,5% 500ml;H-Vollmilch , 3,5 % Fett;500;ml;0,59;€;1,18;;5270
10006;4008400221823;Kinder Riegel 18 Riegel Big Pack;"Gefüllte Vollmilchschokolade mit Milchfüllung. Die Vollmilchschokolade der Marke Kinder ist in der handlichen 18er-Packung erhältlich. Mit diesem süßen Snack für zwischendurch tanken Sie ganz einfach auch unterwegs neue Energie und sind gewappnet für kommende Aufgaben. ";378;g;3,49;€;9,23;;105360
10007;7614500010013;Toblerone Milchschokolade klein 100 g;Schweizer Milchschokolade mit Honig- und Mandel-Torrone (10%).;100;g;1,69;€;1,69;;105360
10008;7622300476144;Mikado Keks-Sticks Zartherbe Schokolade 75g;Die langen, knusprigen Keks-Sticks mit feiner Milchschokolade von Mikado sind der ideale Snack für zwischendurch - ob zum Teilen mit Freunden oder zum allein Genießen.;75;g;1,39;€;1,85;;105360
10009;7622210414120;Milka Tafel Alpenmilch 100g;Milkas Alpenmilch Schokoladentafel ist der Klassiker für alle Schokoladen-Fans. Der leckere, zartschmelzende Schokoladengenuss aus 100% Alpenmilch darf in keinem Haushalt fehlen.;100;g;0,79;€;0,79;;105360
10010;7622200009084;Milka Großtafel Schoko & Keks 300g;Milka Schoko & Keks ist die gelungene Kombination aus zartschmelzender Alpenmilch Schokolade und knusprigem Keks - ein Genuss für die ganze Familie!;300;g;2,99;€;9,97;;105360
10011;4071800031897;Harry Vital & Fit 250g;Bei diesen Produkten bieten wir Ihnen beste Frische und Qualität. Bitte beachten Sie daher, dass dieses Brot nur eine sehr kurze Restlaufzeit hat.;250;g;0,89;€;3,56;;12680
10012;4071800004372;Harry Bäckerfrisch Krustenbrot 500g;Bei diesen Produkten bieten wir Ihnen beste Frische und Qualität. Bitte beachten Sie daher, dass dieses Brot nur eine sehr kurze Restlaufzeit hat.;500;g;0,99;€;1,98;;12680
10013;4071800001166;Gab Paderborner Landbrot geschnitten 500g;Roggenmischbrot mit 33 % Roggenanteil;500;g;0,99;€;1,98;;12680
10014;4071800004785;Harry GaB Sonnenblumenbrot Vollkorn - geschnitten;Weizenmischbrot mit 55 % Weizenmehl;500;g;1,29;€;1,29;;12680
10015;8008698011065;Schär Meisterbäckers Vital 350g;Glutenfreies Körnerbrot;350;g;2,79;€;7,97;;12680
10016;5410396152934;Kerrygold Original Irischer Cheddar herzhaft 150g;Der wohl bekannteste irische Käse in Deutschland ist der Cheddar. Der herzhafte Cheddar wird aus pasteurisierter, irischer Weidemilch und ohne künstliche Zusatzstoffe hergestellt. Er reift typischerweise 6 Monate, ist von Natur aus laktosefrei und auch für Vegetarier geeignet. Der herzhafte Scheibenkäse entfaltet seinen vollen Geschmack am besten pur bei einem Glas Rotwein oder als Krönung gratiniert auf einem Auflauf. ;150;g;1,99;€;1,33;;5540
10017;3073781053678;Leerdammer Original Scheiben 140g;Der beliebte Klassiker überzeugt seit 1978 mit seinem mild-nussigen Geschmack. LEERDAMMER Original ist der unwiderstehliche Genuss für die ganze Familie und für jede Gelegenheit. ;140;g;1,69;€;1,21;;5540
10018;3090291116044;Géramont Cremig-zarte Scheiben sahnig-mild 150g;Französischer Weichkäse aus pasteurisierter Kuhmilch;150;g;2,49;€;1,66;;5540
10019;4006402069344;Bergader Almkäse Scheiben nussig 150g;Scheibe für Scheibe feinster bayerischer Käsegenuss:Schnell und unkompliziert lassen sich mit den Bergader Almkäse Scheiben köstliche Brötchen belegen und raffinierte Gerichte zubereiten.;150;g;1,79;€;1,19;;5540
10020;1073584815079;Bonbel Scheiben Natur 100g;Butterkäse, 50% Fett. i. Tr.;100;g;1,79;€;1,79;;5540
10021;2000423470884;Cherrystrauchtomaten;Tomaten zählen zur Kategorie der Fruchtgemüse und gehören eigentlich in die Obstschale.;500;g;0,99;€;1,98;;10030
10022;20239787;Bio Speisekartoffeln;Bio-Speisekartoffeln;1;Netz;2,49;€;1,79;;10030
10023;9006337501983;Speisezwiebeln;Speisezwiebeln, Größe 40-60 mm oder 50-70 mm;1,5;kg;2,99;€;1,99;;10030
10024;20111090;Cherry Rispentomaten;Diese Cherryrispentomaten sind am Stiel weiter gereift. Das Ergebnis ist eine besonders vollmundige Tomate. Zusätzlich ist diese Cherryrispentomate süß und köstlich. Hervorragend als Snack oder in einen gesunden Salat.;250;g;1,39;€;0,57;;10030
